utc,pair,travel_s,no_traffic_s,historic_s,delay_s,length_m,status
2026-09-01T00:32:30Z,i5sb_span,1188,881,1181,182,13967,ok
2026-09-01T00:32:30Z,vanc_pdx,984,836,1065,49,13302,ok
2026-09-01T00:32:30Z,i5sb_detour,813,572,854,169,10425,ok
2026-09-01T00:32:30Z,interstate_sb,865,729,919,49,7573,ok
2026-09-01T00:32:30Z,williams_nb,1056,843,1065,0,6185,ok
2026-09-01T00:32:30Z,mlk_sb,935,674,984,135,14269,ok
2026-09-01T00:32:30Z,grand_nb,1004,702,1025,0,7151,ok
2026-09-01T00:32:30Z,i205_sb,985,540,786,386,11198,ok
2026-09-01T00:32:30Z,i84wb_feeder,894,610,842,161,10021,ok
2026-09-01T00:32:30Z,powell_wb,811,618,820,0,7125,ok
2026-09-01T00:32:30Z,ctrl_west,1951,1493,1840,241,31189,ok
2026-09-01T00:32:30Z,ctrl_se,1384,1102,1398,0,13207,ok
2026-09-01T01:52:11Z,i5sb_span,916,881,1004,0,13967,ok
2026-09-01T01:52:11Z,vanc_pdx,804,770,893,0,13379,ok
2026-09-01T01:52:11Z,i5sb_detour,602,572,688,0,10425,ok
2026-09-01T01:52:11Z,interstate_sb,780,729,835,0,7573,ok
2026-09-01T01:52:11Z,williams_nb,848,810,898,0,8210,ok
2026-09-01T01:52:11Z,mlk_sb,704,674,795,0,14269,ok
2026-09-01T01:52:11Z,grand_nb,670,607,732,0,9773,ok
2026-09-01T01:52:11Z,i205_sb,555,540,597,0,11198,ok
2026-09-01T01:52:11Z,i84wb_feeder,655,610,735,0,10021,ok
2026-09-01T01:52:11Z,powell_wb,742,618,746,0,7125,ok
2026-09-01T01:52:11Z,ctrl_west,1611,1493,1626,0,31189,ok
2026-09-01T01:52:11Z,ctrl_se,1163,998,1170,0,12385,ok
2026-09-01T02:52:10Z,i5sb_span,895,881,946,0,13967,ok
2026-09-01T02:52:10Z,vanc_pdx,789,770,832,0,13379,ok
2026-09-01T02:52:10Z,i5sb_detour,589,572,634,0,10425,ok
2026-09-01T02:52:10Z,interstate_sb,764,729,797,0,7573,ok
2026-09-01T02:52:10Z,williams_nb,834,810,855,0,8210,ok
2026-09-01T02:52:10Z,mlk_sb,684,674,735,0,14269,ok
2026-09-01T02:52:10Z,grand_nb,632,607,659,0,9773,ok
2026-09-01T02:52:10Z,i205_sb,545,540,563,0,11198,ok
2026-09-01T02:52:10Z,i84wb_feeder,629,610,676,0,10021,ok
2026-09-01T02:52:10Z,powell_wb,687,618,698,0,7125,ok
2026-09-01T02:52:10Z,ctrl_west,1549,1493,1566,0,31189,ok
2026-09-01T02:52:10Z,ctrl_se,1081,998,1097,0,12385,ok
2026-09-01T03:52:10Z,i5sb_span,894,881,918,0,13967,ok
2026-09-01T03:52:10Z,vanc_pdx,785,770,806,0,13379,ok
2026-09-01T03:52:10Z,i5sb_detour,585,572,608,0,10425,ok
2026-09-01T03:52:10Z,interstate_sb,754,729,769,0,7573,ok
2026-09-01T03:52:10Z,williams_nb,831,810,839,0,8210,ok
2026-09-01T03:52:10Z,mlk_sb,683,674,708,0,14269,ok
2026-09-01T03:52:10Z,grand_nb,623,607,637,0,9773,ok
2026-09-01T03:52:10Z,i205_sb,545,540,556,0,11198,ok
2026-09-01T03:52:10Z,i84wb_feeder,623,610,647,0,10021,ok
2026-09-01T03:52:10Z,powell_wb,664,618,666,0,7125,ok
2026-09-01T03:52:10Z,ctrl_west,1541,1493,1539,0,31189,ok
2026-09-01T03:52:10Z,ctrl_se,1053,998,1054,0,12385,ok
2026-09-01T04:52:09Z,i5sb_span,894,881,881,0,13967,ok
2026-09-01T04:52:09Z,vanc_pdx,783,770,772,0,13379,ok
2026-09-01T04:52:09Z,i5sb_detour,578,572,574,0,10425,ok
2026-09-01T04:52:09Z,interstate_sb,744,729,731,0,7573,ok
2026-09-01T04:52:09Z,williams_nb,825,810,811,0,8210,ok
2026-09-01T04:52:09Z,mlk_sb,684,674,676,0,14269,ok
2026-09-01T04:52:09Z,grand_nb,617,607,608,0,9773,ok
2026-09-01T04:52:09Z,i205_sb,549,540,541,0,11198,ok
2026-09-01T04:52:09Z,i84wb_feeder,643,610,611,0,10021,ok
2026-09-01T04:52:09Z,powell_wb,636,618,619,0,7125,ok
2026-09-01T04:52:09Z,ctrl_west,1518,1493,1494,0,31189,ok
2026-09-01T04:52:09Z,ctrl_se,1027,998,999,0,12385,ok
2026-09-01T05:36:49Z,i5sb_span,933,910,910,0,14300,ok
2026-09-01T05:36:49Z,vanc_pdx,783,770,770,0,13379,ok
2026-09-01T05:36:49Z,i5sb_detour,592,572,572,0,10425,ok
2026-09-01T05:36:49Z,interstate_sb,743,729,729,0,7573,ok
2026-09-01T05:36:49Z,williams_nb,824,810,810,0,8210,ok
2026-09-01T05:36:49Z,mlk_sb,695,674,674,0,14269,ok
2026-09-01T05:36:49Z,grand_nb,616,607,607,0,9773,ok
2026-09-01T05:36:49Z,i205_sb,544,540,540,0,11198,ok
2026-09-01T05:36:49Z,i84wb_feeder,616,610,610,0,10021,ok
2026-09-01T05:36:49Z,powell_wb,635,618,618,0,7125,ok
2026-09-01T05:36:49Z,ctrl_west,1509,1493,1493,0,31189,ok
2026-09-01T05:36:49Z,ctrl_se,1026,998,998,0,12385,ok
2026-09-01T06:52:08Z,i5sb_span,895,881,881,0,13967,ok
2026-09-01T06:52:08Z,vanc_pdx,790,770,770,0,13379,ok
2026-09-01T06:52:08Z,i5sb_detour,589,572,572,0,10425,ok
2026-09-01T06:52:08Z,interstate_sb,735,729,729,0,7573,ok
2026-09-01T06:52:08Z,williams_nb,816,810,810,0,8210,ok
2026-09-01T06:52:08Z,mlk_sb,690,674,674,0,14269,ok
2026-09-01T06:52:08Z,grand_nb,611,607,607,0,9773,ok
2026-09-01T06:52:08Z,i205_sb,542,540,540,0,11198,ok
2026-09-01T06:52:08Z,i84wb_feeder,611,610,610,0,10021,ok
2026-09-01T06:52:08Z,powell_wb,624,618,618,0,7125,ok
2026-09-01T06:52:08Z,ctrl_west,1494,1493,1493,0,31189,ok
2026-09-01T06:52:08Z,ctrl_se,1007,998,998,0,12385,ok
2026-09-01T07:52:08Z,i5sb_span,882,881,881,0,13967,ok
2026-09-01T07:52:08Z,vanc_pdx,773,770,770,0,13379,ok
2026-09-01T07:52:08Z,i5sb_detour,586,572,572,0,10425,ok
2026-09-01T07:52:08Z,interstate_sb,723,729,729,0,7573,ok
2026-09-01T07:52:08Z,williams_nb,800,810,810,0,8210,ok
2026-09-01T07:52:08Z,mlk_sb,678,674,674,0,14269,ok
2026-09-01T07:52:08Z,grand_nb,600,607,607,0,9773,ok
2026-09-01T07:52:08Z,i205_sb,537,540,540,0,11198,ok
2026-09-01T07:52:08Z,i84wb_feeder,605,610,610,0,10021,ok
2026-09-01T07:52:08Z,powell_wb,607,618,618,0,7125,ok
2026-09-01T07:52:08Z,ctrl_west,1463,1493,1493,0,31189,ok
2026-09-01T07:52:08Z,ctrl_se,979,998,998,0,12385,ok
2026-09-01T08:52:09Z,i5sb_span,873,881,881,0,13967,ok
2026-09-01T08:52:09Z,vanc_pdx,764,770,770,0,13379,ok
2026-09-01T08:52:09Z,i5sb_detour,576,572,572,0,10425,ok
2026-09-01T08:52:09Z,interstate_sb,718,729,729,0,7573,ok
2026-09-01T08:52:09Z,williams_nb,796,810,810,0,8210,ok
2026-09-01T08:52:09Z,mlk_sb,670,674,674,0,14269,ok
2026-09-01T08:52:09Z,grand_nb,596,607,607,0,9773,ok
2026-09-01T08:52:09Z,i205_sb,536,540,540,0,11198,ok
2026-09-01T08:52:09Z,i84wb_feeder,601,610,610,0,10021,ok
2026-09-01T08:52:09Z,powell_wb,601,618,618,0,7125,ok
2026-09-01T08:52:09Z,ctrl_west,1464,1493,1493,0,31189,ok
2026-09-01T08:52:09Z,ctrl_se,970,998,998,0,12385,ok
2026-09-01T09:52:09Z,i5sb_span,866,881,881,0,13967,ok
2026-09-01T09:52:09Z,vanc_pdx,762,770,770,0,13379,ok
2026-09-01T09:52:09Z,i5sb_detour,566,572,572,0,10425,ok
2026-09-01T09:52:09Z,interstate_sb,717,729,729,0,7573,ok
2026-09-01T09:52:09Z,williams_nb,796,810,810,0,8210,ok
2026-09-01T09:52:09Z,mlk_sb,663,674,674,0,14269,ok
2026-09-01T09:52:09Z,grand_nb,596,607,607,0,9773,ok
2026-09-01T09:52:09Z,i205_sb,536,540,540,0,11198,ok
2026-09-01T09:52:09Z,i84wb_feeder,601,610,610,0,10021,ok
2026-09-01T09:52:09Z,powell_wb,601,618,618,0,7125,ok
2026-09-01T09:52:09Z,ctrl_west,1455,1493,1493,0,31189,ok
2026-09-01T09:52:09Z,ctrl_se,970,998,998,0,12385,ok
2026-09-01T10:25:05Z,i5sb_span,865,881,881,0,13967,ok
2026-09-01T10:25:05Z,vanc_pdx,760,770,770,0,13379,ok
2026-09-01T10:25:05Z,i5sb_detour,572,572,572,0,10425,ok
2026-09-01T10:25:05Z,interstate_sb,714,729,729,0,7573,ok
2026-09-01T10:25:05Z,williams_nb,791,810,810,0,8210,ok
2026-09-01T10:25:05Z,mlk_sb,664,674,674,0,14269,ok
2026-09-01T10:25:05Z,grand_nb,593,607,607,0,9773,ok
2026-09-01T10:25:05Z,i205_sb,534,540,540,0,11198,ok
2026-09-01T10:25:05Z,i84wb_feeder,598,610,610,0,10021,ok
2026-09-01T10:25:05Z,powell_wb,596,618,618,0,7125,ok
2026-09-01T10:25:05Z,ctrl_west,1464,1493,1493,0,31189,ok
2026-09-01T10:25:05Z,ctrl_se,960,998,998,0,12385,ok
2026-09-01T11:52:08Z,i5sb_span,868,881,893,0,13967,ok
2026-09-01T11:52:08Z,vanc_pdx,763,770,783,0,13379,ok
2026-09-01T11:52:08Z,i5sb_detour,566,572,581,0,10425,ok
2026-09-01T11:52:08Z,interstate_sb,718,729,737,0,7573,ok
2026-09-01T11:52:08Z,williams_nb,797,810,819,0,8210,ok
2026-09-01T11:52:08Z,mlk_sb,664,674,685,0,14269,ok
2026-09-01T11:52:08Z,grand_nb,599,607,617,0,9773,ok
2026-09-01T11:52:08Z,i205_sb,535,540,546,0,11198,ok
2026-09-01T11:52:08Z,i84wb_feeder,602,610,621,0,10021,ok
2026-09-01T11:52:08Z,powell_wb,605,618,627,0,7125,ok
2026-09-01T11:52:08Z,ctrl_west,1484,1493,1517,0,31189,ok
2026-09-01T11:52:08Z,ctrl_se,975,998,1012,0,12385,ok
2026-09-01T12:52:11Z,i5sb_span,878,881,924,0,13967,ok
2026-09-01T12:52:11Z,vanc_pdx,773,770,828,0,13379,ok
2026-09-01T12:52:11Z,i5sb_detour,571,572,593,0,10425,ok
2026-09-01T12:52:11Z,interstate_sb,730,729,754,0,7573,ok
2026-09-01T12:52:11Z,williams_nb,807,810,825,0,8210,ok
2026-09-01T12:52:11Z,mlk_sb,671,674,720,0,14269,ok
2026-09-01T12:52:11Z,grand_nb,608,607,624,0,9773,ok
2026-09-01T12:52:11Z,i205_sb,537,540,547,0,11198,ok
2026-09-01T12:52:11Z,i84wb_feeder,641,610,642,0,10021,ok
2026-09-01T12:52:11Z,powell_wb,628,618,644,0,7125,ok
2026-09-01T12:52:11Z,ctrl_west,1506,1493,1548,0,31189,ok
2026-09-01T12:52:11Z,ctrl_se,1009,998,1037,0,12385,ok
2026-09-01T13:52:08Z,i5sb_span,1165,881,1192,147,13967,ok
2026-09-01T13:52:08Z,vanc_pdx,1168,777,1204,207,14337,ok
2026-09-01T13:52:08Z,i5sb_detour,788,643,798,63,9488,ok
2026-09-01T13:52:08Z,interstate_sb,844,722,850,63,7455,ok
2026-09-01T13:52:08Z,williams_nb,837,810,850,0,8210,ok
2026-09-01T13:52:08Z,mlk_sb,998,898,1048,0,11668,ok
2026-09-01T13:52:08Z,grand_nb,659,607,660,0,9773,ok
2026-09-01T13:52:08Z,i205_sb,542,540,555,0,11198,ok
2026-09-01T13:52:08Z,i84wb_feeder,990,681,875,167,9475,ok
2026-09-01T13:52:08Z,powell_wb,765,618,762,0,7125,ok
2026-09-01T13:52:08Z,ctrl_west,1642,1493,1675,0,31189,ok
2026-09-01T13:52:08Z,ctrl_se,1163,998,1158,0,12385,ok
2026-09-01T14:52:09Z,i5sb_span,1782,1323,1786,92,14034,ok
2026-09-01T14:52:09Z,vanc_pdx,1755,1226,1732,173,13412,ok
2026-09-01T14:52:09Z,i5sb_detour,1075,572,945,403,10425,ok
2026-09-01T14:52:09Z,interstate_sb,1054,853,1065,0,6162,ok
2026-09-01T14:52:09Z,williams_nb,875,810,895,0,8210,ok
2026-09-01T14:52:09Z,mlk_sb,1242,944,1256,0,9743,ok
2026-09-01T14:52:09Z,grand_nb,779,607,747,72,9773,ok
2026-09-01T14:52:09Z,i205_sb,555,540,576,0,11198,ok
2026-09-01T14:52:09Z,i84wb_feeder,1131,917,1143,0,7890,ok
2026-09-01T14:52:09Z,powell_wb,1078,618,1019,225,7125,ok
2026-09-01T14:52:09Z,ctrl_west,2005,1683,1994,0,29568,ok
2026-09-01T14:52:09Z,ctrl_se,1394,1080,1408,0,12916,ok
2026-09-01T15:09:53Z,i5sb_span,1761,1323,1779,38,14034,ok
2026-09-01T15:09:53Z,vanc_pdx,1619,1263,1701,0,14551,ok
2026-09-01T15:09:53Z,i5sb_detour,1204,662,1107,385,8309,ok
2026-09-01T15:09:53Z,interstate_sb,1057,853,1074,0,6162,ok
2026-09-01T15:09:53Z,williams_nb,885,810,895,0,8210,ok
2026-09-01T15:09:53Z,mlk_sb,1242,944,1269,0,10023,ok
2026-09-01T15:09:53Z,grand_nb,766,607,753,0,9773,ok
2026-09-01T15:09:53Z,i205_sb,551,540,577,0,11198,ok
2026-09-01T15:09:53Z,i84wb_feeder,1138,917,1156,0,7890,ok
2026-09-01T15:09:53Z,powell_wb,1142,864,1151,23,8333,ok
2026-09-01T15:09:53Z,ctrl_west,1885,1557,1840,134,31782,ok
2026-09-01T15:09:53Z,ctrl_se,1273,998,1282,16,12385,ok
2026-09-01T16:52:08Z,i5sb_span,1140,881,1120,180,13967,ok
2026-09-01T16:52:08Z,vanc_pdx,1010,770,1017,180,13379,ok
2026-09-01T16:52:08Z,i5sb_detour,768,572,753,114,10425,ok
2026-09-01T16:52:08Z,interstate_sb,915,729,889,114,7573,ok
2026-09-01T16:52:08Z,williams_nb,860,810,865,0,8210,ok
2026-09-01T16:52:08Z,mlk_sb,915,674,921,180,14269,ok
2026-09-01T16:52:08Z,grand_nb,698,607,704,0,9773,ok
2026-09-01T16:52:08Z,i205_sb,558,540,563,0,11198,ok
2026-09-01T16:52:08Z,i84wb_feeder,908,610,859,228,10021,ok
2026-09-01T16:52:08Z,powell_wb,801,618,809,0,7125,ok
2026-09-01T16:52:08Z,ctrl_west,1867,1493,1676,191,31189,ok
2026-09-01T16:52:08Z,ctrl_se,1177,998,1175,0,12385,ok
2026-09-01T17:52:10Z,i5sb_span,1170,881,1069,217,13967,ok
2026-09-01T17:52:10Z,vanc_pdx,994,770,942,131,13379,ok
2026-09-01T17:52:10Z,i5sb_detour,749,570,731,82,9303,ok
2026-09-01T17:52:10Z,interstate_sb,928,729,870,130,7573,ok
2026-09-01T17:52:10Z,williams_nb,868,810,870,0,8210,ok
2026-09-01T17:52:10Z,mlk_sb,957,674,860,217,14269,ok
2026-09-01T17:52:10Z,grand_nb,700,607,716,0,9773,ok
2026-09-01T17:52:10Z,i205_sb,574,540,567,0,11198,ok
2026-09-01T17:52:10Z,i84wb_feeder,742,610,812,0,10021,ok
2026-09-01T17:52:10Z,powell_wb,779,618,795,0,7125,ok
2026-09-01T17:52:10Z,ctrl_west,1642,1493,1668,0,31189,ok
2026-09-01T17:52:10Z,ctrl_se,1174,998,1183,0,12385,ok
2026-09-01T18:38:26Z,i5sb_span,1013,881,1075,46,13967,ok
2026-09-01T18:38:26Z,vanc_pdx,888,770,936,46,13379,ok
2026-09-01T18:38:26Z,i5sb_detour,702,572,756,46,10425,ok
2026-09-01T18:38:26Z,interstate_sb,850,729,877,42,7573,ok
2026-09-01T18:38:26Z,williams_nb,860,810,878,0,8210,ok
2026-09-01T18:38:26Z,mlk_sb,792,674,862,46,14269,ok
2026-09-01T18:38:26Z,grand_nb,708,607,738,0,9773,ok
2026-09-01T18:38:26Z,i205_sb,558,540,576,0,11198,ok
2026-09-01T18:38:26Z,i84wb_feeder,750,610,817,51,10021,ok
2026-09-01T18:38:26Z,powell_wb,784,618,798,0,7125,ok
2026-09-01T18:38:26Z,ctrl_west,1639,1493,1670,0,31189,ok
2026-09-01T18:38:26Z,ctrl_se,1296,1102,1306,0,13207,ok
2026-09-01T19:52:11Z,i5sb_span,948,881,1070,0,13967,ok
2026-09-01T19:52:11Z,vanc_pdx,838,770,928,0,13379,ok
2026-09-01T19:52:11Z,i5sb_detour,640,572,752,0,10425,ok
2026-09-01T19:52:11Z,interstate_sb,787,729,870,0,7573,ok
2026-09-01T19:52:11Z,williams_nb,867,810,885,0,8210,ok
2026-09-01T19:52:11Z,mlk_sb,719,674,858,0,14269,ok
2026-09-01T19:52:11Z,grand_nb,801,620,745,120,10863,ok
2026-09-01T19:52:11Z,i205_sb,570,540,584,0,11198,ok
2026-09-01T19:52:11Z,i84wb_feeder,903,610,801,205,10021,ok
2026-09-01T19:52:11Z,powell_wb,776,618,787,0,7125,ok
2026-09-01T19:52:11Z,ctrl_west,1640,1493,1668,0,31189,ok
2026-09-01T19:52:11Z,ctrl_se,1185,998,1194,0,12385,ok
2026-09-01T20:52:06Z,i5sb_span,1142,881,1110,147,13967,ok
2026-09-01T20:52:06Z,vanc_pdx,937,770,952,45,13379,ok
2026-09-01T20:52:06Z,i5sb_detour,775,570,764,63,9303,ok
2026-09-01T20:52:06Z,interstate_sb,913,785,916,0,6507,ok
2026-09-01T20:52:06Z,williams_nb,947,834,942,0,8605,ok
2026-09-01T20:52:06Z,mlk_sb,920,674,896,147,14269,ok
2026-09-01T20:52:06Z,grand_nb,903,607,791,164,9773,ok
2026-09-01T20:52:06Z,i205_sb,580,540,606,0,11198,ok
2026-09-01T20:52:06Z,i84wb_feeder,950,610,827,252,10021,ok
2026-09-01T20:52:06Z,powell_wb,801,618,799,0,7125,ok
2026-09-01T20:52:06Z,ctrl_west,1787,1493,1695,103,31189,ok
2026-09-01T20:52:06Z,ctrl_se,1226,998,1220,0,12385,ok
2026-09-01T21:19:09Z,i5sb_span,1121,881,1146,73,13967,ok
2026-09-01T21:19:09Z,vanc_pdx,963,770,975,65,13379,ok
2026-09-01T21:19:09Z,i5sb_detour,785,572,810,73,10425,ok
2026-09-01T21:19:09Z,interstate_sb,870,722,886,35,7455,ok
2026-09-01T21:19:09Z,williams_nb,966,810,958,15,8210,ok
2026-09-01T21:19:09Z,mlk_sb,908,674,932,73,14269,ok
2026-09-01T21:19:09Z,grand_nb,813,607,846,0,9773,ok
2026-09-01T21:19:09Z,i205_sb,621,540,637,0,11198,ok
2026-09-01T21:19:09Z,i84wb_feeder,862,610,844,145,10021,ok
2026-09-01T21:19:09Z,powell_wb,805,618,809,0,7125,ok
2026-09-01T21:19:09Z,ctrl_west,1840,1493,1724,130,31189,ok
2026-09-01T21:19:09Z,ctrl_se,1351,1102,1350,0,13207,ok
2026-09-01T22:52:07Z,i5sb_span,1449,881,1416,315,13967,ok
2026-09-01T22:52:07Z,vanc_pdx,1169,770,1190,260,13379,ok
2026-09-01T22:52:07Z,i5sb_detour,1052,662,1033,260,8309,ok
2026-09-01T22:52:07Z,interstate_sb,940,785,952,0,6507,ok
2026-09-01T22:52:07Z,williams_nb,1156,843,1167,0,6185,ok
2026-09-01T22:52:07Z,mlk_sb,1241,674,1220,315,14269,ok
2026-09-01T22:52:07Z,grand_nb,1146,702,1166,0,7151,ok
2026-09-01T22:52:07Z,i205_sb,881,540,929,202,11198,ok
2026-09-01T22:52:07Z,i84wb_feeder,913,610,953,67,10021,ok
2026-09-01T22:52:07Z,powell_wb,845,618,849,0,7125,ok
2026-09-01T22:52:07Z,ctrl_west,2116,1693,2098,0,28318,ok
2026-09-01T22:52:07Z,ctrl_se,1377,1129,1376,0,13398,ok
2026-09-01T23:23:23Z,i5sb_span,1466,881,1507,244,13967,ok
2026-09-01T23:23:23Z,vanc_pdx,1165,770,1291,232,13379,ok
2026-09-01T23:23:23Z,i5sb_detour,1045,662,1136,232,8309,ok
2026-09-01T23:23:23Z,interstate_sb,953,785,961,0,6507,ok
2026-09-01T23:23:23Z,williams_nb,1234,843,1203,113,6185,ok
2026-09-01T23:23:23Z,mlk_sb,1257,674,1321,255,14269,ok
2026-09-01T23:23:23Z,grand_nb,1187,702,1229,0,7151,ok
2026-09-01T23:23:23Z,i205_sb,864,540,1020,177,11198,ok
2026-09-01T23:23:23Z,i84wb_feeder,1023,656,1050,151,10205,ok
2026-09-01T23:23:23Z,powell_wb,852,618,863,0,7125,ok
2026-09-01T23:23:23Z,ctrl_west,2073,1526,2013,254,32641,ok
2026-09-01T23:23:23Z,ctrl_se,1389,1129,1393,0,13398,ok
2026-09-02T00:52:08Z,i5sb_span,1248,881,1309,179,13967,ok
2026-09-02T00:52:08Z,vanc_pdx,1014,770,1171,146,13379,ok
2026-09-02T00:52:08Z,i5sb_detour,915,662,1039,146,8309,ok
2026-09-02T00:52:08Z,interstate_sb,933,793,959,0,6625,ok
2026-09-02T00:52:08Z,williams_nb,1075,843,1092,0,6185,ok
2026-09-02T00:52:08Z,mlk_sb,1055,674,1138,179,14269,ok
2026-09-02T00:52:08Z,grand_nb,1059,702,1096,0,7151,ok
2026-09-02T00:52:08Z,i205_sb,800,540,809,202,11198,ok
2026-09-02T00:52:08Z,i84wb_feeder,932,610,959,183,10021,ok
2026-09-02T00:52:08Z,powell_wb,828,618,844,0,7125,ok
2026-09-02T00:52:08Z,ctrl_west,1968,1493,1913,201,31189,ok
2026-09-02T00:52:08Z,ctrl_se,1369,1102,1388,0,13207,ok
2026-09-02T01:09:19Z,i5sb_span,995,881,1224,0,13967,ok
2026-09-02T01:09:19Z,vanc_pdx,861,777,1103,0,14337,ok
2026-09-02T01:09:19Z,i5sb_detour,627,572,910,8,10425,ok
2026-09-02T01:09:19Z,interstate_sb,794,729,966,0,7573,ok
2026-09-02T01:09:19Z,williams_nb,925,810,1088,47,8210,ok
2026-09-02T01:09:19Z,mlk_sb,794,674,1041,0,14269,ok
2026-09-02T01:09:19Z,grand_nb,767,607,1023,0,9773,ok
2026-09-02T01:09:19Z,i205_sb,575,540,738,0,11198,ok
2026-09-02T01:09:19Z,i84wb_feeder,702,610,915,0,10021,ok
2026-09-02T01:09:19Z,powell_wb,805,618,824,0,7125,ok
2026-09-02T01:09:19Z,ctrl_west,1822,1493,1836,89,31189,ok
2026-09-02T01:09:19Z,ctrl_se,1332,1102,1354,0,13207,ok
2026-09-02T02:52:11Z,i5sb_span,903,881,958,0,13967,ok
2026-09-02T02:52:11Z,vanc_pdx,800,770,846,0,13379,ok
2026-09-02T02:52:11Z,i5sb_detour,594,572,652,0,10425,ok
2026-09-02T02:52:11Z,interstate_sb,760,729,799,0,7573,ok
2026-09-02T02:52:11Z,williams_nb,842,810,865,0,8210,ok
2026-09-02T02:52:11Z,mlk_sb,693,674,752,0,14269,ok
2026-09-02T02:52:11Z,grand_nb,644,607,676,0,9773,ok
2026-09-02T02:52:11Z,i205_sb,545,540,566,0,11198,ok
2026-09-02T02:52:11Z,i84wb_feeder,642,610,713,0,10021,ok
2026-09-02T02:52:11Z,powell_wb,698,618,708,0,7125,ok
2026-09-02T02:52:11Z,ctrl_west,1565,1493,1588,0,31189,ok
2026-09-02T02:52:11Z,ctrl_se,1087,998,1098,0,12385,ok
2026-09-02T03:52:08Z,i5sb_span,902,881,921,0,13967,ok
2026-09-02T03:52:08Z,vanc_pdx,798,770,812,0,13379,ok
2026-09-02T03:52:08Z,i5sb_detour,592,572,615,0,10425,ok
2026-09-02T03:52:08Z,interstate_sb,756,729,766,0,7573,ok
2026-09-02T03:52:08Z,williams_nb,838,810,843,0,8210,ok
2026-09-02T03:52:08Z,mlk_sb,692,674,713,0,14269,ok
2026-09-02T03:52:08Z,grand_nb,631,607,643,0,9773,ok
2026-09-02T03:52:08Z,i205_sb,550,540,556,0,11198,ok
2026-09-02T03:52:08Z,i84wb_feeder,632,610,661,0,10021,ok
2026-09-02T03:52:08Z,powell_wb,671,618,667,0,7125,ok
2026-09-02T03:52:08Z,ctrl_west,1549,1493,1548,0,31189,ok
2026-09-02T03:52:08Z,ctrl_se,1060,998,1052,0,12385,ok
2026-09-02T04:52:10Z,i5sb_span,921,910,911,0,14300,ok
2026-09-02T04:52:10Z,vanc_pdx,783,770,772,0,13379,ok
2026-09-02T04:52:10Z,i5sb_detour,578,572,574,0,10425,ok
2026-09-02T04:52:10Z,interstate_sb,743,729,731,0,7573,ok
2026-09-02T04:52:10Z,williams_nb,825,810,811,0,8210,ok
2026-09-02T04:52:10Z,mlk_sb,684,674,675,0,14269,ok
2026-09-02T04:52:10Z,grand_nb,617,607,608,0,9773,ok
2026-09-02T04:52:10Z,i205_sb,546,540,541,0,11198,ok
2026-09-02T04:52:10Z,i84wb_feeder,833,813,815,0,9122,ok
2026-09-02T04:52:10Z,powell_wb,636,618,619,0,7125,ok
2026-09-02T04:52:10Z,ctrl_west,1518,1493,1494,0,31189,ok
2026-09-02T04:52:10Z,ctrl_se,1027,998,999,0,12385,ok
2026-09-02T05:52:12Z,i5sb_span,926,910,910,0,14300,ok
2026-09-02T05:52:12Z,vanc_pdx,781,770,770,0,13379,ok
2026-09-02T05:52:12Z,i5sb_detour,589,572,572,0,10425,ok
2026-09-02T05:52:12Z,interstate_sb,741,729,729,0,7573,ok
2026-09-02T05:52:12Z,williams_nb,824,810,810,0,8210,ok
2026-09-02T05:52:12Z,mlk_sb,688,674,674,0,14269,ok
2026-09-02T05:52:12Z,grand_nb,616,607,607,0,9773,ok
2026-09-02T05:52:12Z,i205_sb,544,540,540,0,11198,ok
2026-09-02T05:52:12Z,i84wb_feeder,616,610,610,0,10021,ok
2026-09-02T05:52:12Z,powell_wb,635,618,618,0,7125,ok
2026-09-02T05:52:12Z,ctrl_west,1509,1493,1493,0,31189,ok
2026-09-02T05:52:12Z,ctrl_se,1026,998,998,0,12385,ok
2026-09-02T06:52:12Z,i5sb_span,889,881,881,0,13967,ok
2026-09-02T06:52:12Z,vanc_pdx,777,770,770,0,13379,ok
2026-09-02T06:52:12Z,i5sb_detour,576,572,572,0,10425,ok
2026-09-02T06:52:12Z,interstate_sb,737,729,729,0,7573,ok
2026-09-02T06:52:12Z,williams_nb,819,810,810,0,8210,ok
2026-09-02T06:52:12Z,mlk_sb,680,674,674,0,14269,ok
2026-09-02T06:52:12Z,grand_nb,613,607,607,0,9773,ok
2026-09-02T06:52:12Z,i205_sb,543,540,540,0,11198,ok
2026-09-02T06:52:12Z,i84wb_feeder,614,610,610,0,10021,ok
2026-09-02T06:52:12Z,powell_wb,629,618,618,0,7125,ok
2026-09-02T06:52:12Z,ctrl_west,1494,1493,1493,0,31189,ok
2026-09-02T06:52:12Z,ctrl_se,1016,998,998,0,12385,ok
2026-09-02T07:52:11Z,i5sb_span,874,881,881,0,13967,ok
2026-09-02T07:52:11Z,vanc_pdx,765,770,770,0,13379,ok
2026-09-02T07:52:11Z,i5sb_detour,571,572,572,0,10425,ok
2026-09-02T07:52:11Z,interstate_sb,722,729,729,0,7573,ok
2026-09-02T07:52:11Z,williams_nb,800,810,810,0,8210,ok
2026-09-02T07:52:11Z,mlk_sb,670,674,674,0,14269,ok
2026-09-02T07:52:11Z,grand_nb,600,607,607,0,9773,ok
2026-09-02T07:52:11Z,i205_sb,537,540,540,0,11198,ok
2026-09-02T07:52:11Z,i84wb_feeder,603,610,610,0,10021,ok
2026-09-02T07:52:11Z,powell_wb,607,618,618,0,7125,ok
2026-09-02T07:52:11Z,ctrl_west,1463,1493,1493,0,31189,ok
2026-09-02T07:52:11Z,ctrl_se,979,998,998,0,12385,ok
2026-09-02T08:52:09Z,i5sb_span,868,881,881,0,13967,ok
2026-09-02T08:52:09Z,vanc_pdx,759,770,770,0,13379,ok
2026-09-02T08:52:09Z,i5sb_detour,573,572,572,0,10425,ok
2026-09-02T08:52:09Z,interstate_sb,714,729,729,0,7573,ok
2026-09-02T08:52:09Z,williams_nb,791,810,810,0,8210,ok
2026-09-02T08:52:09Z,mlk_sb,667,674,674,0,14269,ok
2026-09-02T08:52:09Z,grand_nb,593,607,607,0,9773,ok
2026-09-02T08:52:09Z,i205_sb,534,540,540,0,11198,ok
2026-09-02T08:52:09Z,i84wb_feeder,598,610,610,0,10021,ok
2026-09-02T08:52:09Z,powell_wb,596,618,618,0,7125,ok
2026-09-02T08:52:09Z,ctrl_west,1455,1493,1493,0,31189,ok
2026-09-02T08:52:09Z,ctrl_se,960,998,998,0,12385,ok
2026-09-02T09:52:10Z,i5sb_span,869,881,881,0,13967,ok
2026-09-02T09:52:10Z,vanc_pdx,762,770,770,0,13379,ok
2026-09-02T09:52:10Z,i5sb_detour,570,572,572,0,10425,ok
2026-09-02T09:52:10Z,interstate_sb,718,729,729,0,7573,ok
2026-09-02T09:52:10Z,williams_nb,796,810,810,0,8210,ok
2026-09-02T09:52:10Z,mlk_sb,666,674,674,0,14269,ok
2026-09-02T09:52:10Z,grand_nb,596,607,607,0,9773,ok
2026-09-02T09:52:10Z,i205_sb,536,540,540,0,11198,ok
2026-09-02T09:52:10Z,i84wb_feeder,601,610,610,0,10021,ok
2026-09-02T09:52:10Z,powell_wb,601,618,618,0,7125,ok
2026-09-02T09:52:10Z,ctrl_west,1448,1493,1493,0,31189,ok
2026-09-02T09:52:10Z,ctrl_se,970,998,998,0,12385,ok
2026-09-02T10:52:08Z,i5sb_span,867,881,885,0,13967,ok
2026-09-02T10:52:08Z,vanc_pdx,762,770,773,0,13379,ok
2026-09-02T10:52:08Z,i5sb_detour,569,572,573,0,10425,ok
2026-09-02T10:52:08Z,interstate_sb,715,729,730,0,7573,ok
2026-09-02T10:52:08Z,williams_nb,792,810,814,0,8210,ok
2026-09-02T10:52:08Z,mlk_sb,663,674,677,0,14269,ok
2026-09-02T10:52:08Z,grand_nb,594,607,608,0,9773,ok
2026-09-02T10:52:08Z,i205_sb,534,540,541,0,11198,ok
2026-09-02T10:52:08Z,i84wb_feeder,599,610,611,0,10021,ok
2026-09-02T10:52:08Z,powell_wb,597,618,620,0,7125,ok
2026-09-02T10:52:08Z,ctrl_west,1474,1493,1504,0,31189,ok
2026-09-02T10:52:08Z,ctrl_se,966,998,1003,0,12385,ok
2026-09-02T11:08:59Z,i5sb_span,868,881,889,0,13967,ok
2026-09-02T11:08:59Z,vanc_pdx,763,770,778,0,13379,ok
2026-09-02T11:08:59Z,i5sb_detour,570,572,578,0,10425,ok
2026-09-02T11:08:59Z,interstate_sb,718,729,735,0,7573,ok
2026-09-02T11:08:59Z,williams_nb,795,810,817,0,8210,ok
2026-09-02T11:08:59Z,mlk_sb,665,674,681,0,14269,ok
2026-09-02T11:08:59Z,grand_nb,596,607,613,0,9773,ok
2026-09-02T11:08:59Z,i205_sb,535,540,545,0,11198,ok
2026-09-02T11:08:59Z,i84wb_feeder,601,610,616,0,10021,ok
2026-09-02T11:08:59Z,powell_wb,602,618,625,0,7125,ok
2026-09-02T11:08:59Z,ctrl_west,1469,1493,1509,0,31189,ok
2026-09-02T11:08:59Z,ctrl_se,970,998,1008,0,12385,ok
2026-09-02T12:52:14Z,i5sb_span,887,881,923,0,13967,ok
2026-09-02T12:52:14Z,vanc_pdx,773,770,824,0,13379,ok
2026-09-02T12:52:14Z,i5sb_detour,580,572,591,0,10425,ok
2026-09-02T12:52:14Z,interstate_sb,734,729,749,0,7573,ok
2026-09-02T12:52:14Z,williams_nb,800,810,823,0,8210,ok
2026-09-02T12:52:14Z,mlk_sb,685,674,722,0,14269,ok
2026-09-02T12:52:14Z,grand_nb,608,607,625,0,9773,ok
2026-09-02T12:52:14Z,i205_sb,536,540,547,0,11198,ok
2026-09-02T12:52:14Z,i84wb_feeder,611,610,641,0,10021,ok
2026-09-02T12:52:14Z,powell_wb,622,618,645,0,7125,ok
2026-09-02T12:52:14Z,ctrl_west,1514,1493,1549,0,31189,ok
2026-09-02T12:52:14Z,ctrl_se,997,998,1035,0,12385,ok
2026-09-02T13:52:09Z,i5sb_span,1156,881,1168,120,13967,ok
2026-09-02T13:52:09Z,vanc_pdx,1230,770,1180,283,13379,ok
2026-09-02T13:52:09Z,i5sb_detour,694,572,686,62,10425,ok
2026-09-02T13:52:09Z,interstate_sb,848,729,853,50,7573,ok
2026-09-02T13:52:09Z,williams_nb,836,810,849,0,8210,ok
2026-09-02T13:52:09Z,mlk_sb,992,674,997,180,14269,ok
2026-09-02T13:52:09Z,grand_nb,654,607,663,0,9773,ok
2026-09-02T13:52:09Z,i205_sb,542,540,556,0,11198,ok
2026-09-02T13:52:09Z,i84wb_feeder,877,681,868,0,9475,ok
2026-09-02T13:52:09Z,powell_wb,770,618,765,0,7125,ok
2026-09-02T13:52:09Z,ctrl_west,1640,1493,1675,0,31189,ok
2026-09-02T13:52:09Z,ctrl_se,1131,998,1127,0,12385,ok
2026-09-02T14:52:09Z,i5sb_span,1771,1323,1769,108,14034,ok
2026-09-02T14:52:09Z,vanc_pdx,1694,1263,1691,91,14551,ok
2026-09-02T14:52:09Z,i5sb_detour,1049,572,959,380,10425,ok
2026-09-02T14:52:09Z,interstate_sb,1036,853,1049,0,6162,ok
2026-09-02T14:52:09Z,williams_nb,867,810,896,0,8210,ok
2026-09-02T14:52:09Z,mlk_sb,1228,944,1246,0,9743,ok
2026-09-02T14:52:09Z,grand_nb,748,607,748,56,9773,ok
2026-09-02T14:52:09Z,i205_sb,549,540,579,0,11198,ok
2026-09-02T14:52:09Z,i84wb_feeder,1147,917,1162,0,7890,ok
2026-09-02T14:52:09Z,powell_wb,1157,618,1019,311,7125,ok
2026-09-02T14:52:09Z,ctrl_west,1834,1526,1836,53,32641,ok
2026-09-02T14:52:09Z,ctrl_se,1369,1080,1392,0,12916,ok
2026-09-02T15:08:52Z,i5sb_span,1737,1323,1762,61,14034,ok
2026-09-02T15:08:52Z,vanc_pdx,1584,1263,1686,0,14551,ok
2026-09-02T15:08:52Z,i5sb_detour,1037,572,985,317,10425,ok
2026-09-02T15:08:52Z,interstate_sb,1039,853,1061,0,6162,ok
2026-09-02T15:08:52Z,williams_nb,876,810,897,0,8210,ok
2026-09-02T15:08:52Z,mlk_sb,1221,944,1256,0,9743,ok
2026-09-02T15:08:52Z,grand_nb,820,607,756,133,9773,ok
2026-09-02T15:08:52Z,i205_sb,549,540,580,0,11198,ok
2026-09-02T15:08:52Z,i84wb_feeder,1148,917,1176,0,7890,ok
2026-09-02T15:08:52Z,powell_wb,1090,618,1031,244,7125,ok
2026-09-02T15:08:52Z,ctrl_west,1820,1526,1832,63,32641,ok
2026-09-02T15:08:52Z,ctrl_se,1266,998,1258,38,12385,ok
2026-09-02T16:52:10Z,i5sb_span,1230,881,1138,270,13967,ok
2026-09-02T16:52:10Z,vanc_pdx,1077,770,1037,174,13379,ok
2026-09-02T16:52:10Z,i5sb_detour,816,570,764,113,9303,ok
2026-09-02T16:52:10Z,interstate_sb,998,853,989,0,6162,ok
2026-09-02T16:52:10Z,williams_nb,914,808,905,0,7481,ok
2026-09-02T16:52:10Z,mlk_sb,1013,674,938,270,14269,ok
2026-09-02T16:52:10Z,grand_nb,755,607,720,53,9773,ok
2026-09-02T16:52:10Z,i205_sb,563,540,566,0,11198,ok
2026-09-02T16:52:10Z,i84wb_feeder,899,610,861,193,10021,ok
2026-09-02T16:52:10Z,powell_wb,812,618,818,0,7125,ok
2026-09-02T16:52:10Z,ctrl_west,1701,1493,1680,0,31189,ok
2026-09-02T16:52:10Z,ctrl_se,1196,998,1187,0,12385,ok
2026-09-02T17:52:07Z,i5sb_span,1217,881,1101,267,13967,ok
2026-09-02T17:52:07Z,vanc_pdx,1056,770,974,173,13379,ok
2026-09-02T17:52:07Z,i5sb_detour,780,570,747,104,9303,ok
2026-09-02T17:52:07Z,interstate_sb,983,853,995,0,6162,ok
2026-09-02T17:52:07Z,williams_nb,888,810,875,6,8210,ok
2026-09-02T17:52:07Z,mlk_sb,1003,674,891,267,14269,ok
2026-09-02T17:52:07Z,grand_nb,798,607,736,96,9773,ok
2026-09-02T17:52:07Z,i205_sb,583,540,571,0,11198,ok
2026-09-02T17:52:07Z,i84wb_feeder,900,610,827,136,10021,ok
2026-09-02T17:52:07Z,powell_wb,786,618,807,0,7125,ok
2026-09-02T17:52:07Z,ctrl_west,1666,1493,1670,0,31189,ok
2026-09-02T17:52:07Z,ctrl_se,1181,998,1198,0,12385,ok
2026-09-02T18:47:36Z,i5sb_span,1231,881,1116,253,13967,ok
2026-09-02T18:47:36Z,vanc_pdx,1052,770,975,151,13379,ok
2026-09-02T18:47:36Z,i5sb_detour,817,570,765,117,9303,ok
2026-09-02T18:47:36Z,interstate_sb,1008,853,1007,0,6162,ok
2026-09-02T18:47:36Z,williams_nb,895,810,884,0,8210,ok
2026-09-02T18:47:36Z,mlk_sb,1014,674,903,253,14269,ok
2026-09-02T18:47:36Z,grand_nb,751,607,761,0,9773,ok
2026-09-02T18:47:36Z,i205_sb,569,540,583,0,11198,ok
2026-09-02T18:47:36Z,i84wb_feeder,880,610,837,169,10021,ok
2026-09-02T18:47:36Z,powell_wb,802,618,811,0,7125,ok
2026-09-02T18:47:36Z,ctrl_west,1670,1493,1670,0,31189,ok
2026-09-02T18:47:36Z,ctrl_se,1208,998,1210,0,12385,ok
2026-09-02T19:52:09Z,i5sb_span,1170,881,1108,189,13967,ok
2026-09-02T19:52:09Z,vanc_pdx,1011,770,967,110,13379,ok
2026-09-02T19:52:09Z,i5sb_detour,778,570,761,78,9303,ok
2026-09-02T19:52:09Z,interstate_sb,923,729,888,120,7573,ok
2026-09-02T19:52:09Z,williams_nb,1008,843,1007,0,6185,ok
2026-09-02T19:52:09Z,mlk_sb,959,674,897,189,14269,ok
2026-09-02T19:52:09Z,grand_nb,926,702,929,0,7151,ok
2026-09-02T19:52:09Z,i205_sb,725,540,594,132,11198,ok
2026-09-02T19:52:09Z,i84wb_feeder,990,610,821,306,10021,ok
2026-09-02T19:52:09Z,powell_wb,799,618,802,0,7125,ok
2026-09-02T19:52:09Z,ctrl_west,1670,1493,1668,0,31189,ok
2026-09-02T19:52:09Z,ctrl_se,1210,998,1206,0,12385,ok
2026-09-02T20:52:07Z,i5sb_span,1176,881,1155,145,13967,ok
2026-09-02T20:52:07Z,vanc_pdx,1020,770,996,121,13379,ok
2026-09-02T20:52:07Z,i5sb_detour,858,572,816,172,10425,ok
2026-09-02T20:52:07Z,interstate_sb,940,729,912,115,7573,ok
2026-09-02T20:52:07Z,williams_nb,947,810,921,0,8210,ok
2026-09-02T20:52:07Z,mlk_sb,952,674,940,139,14269,ok
2026-09-02T20:52:07Z,grand_nb,836,607,818,0,9773,ok
2026-09-02T20:52:07Z,i205_sb,737,540,622,161,11198,ok
2026-09-02T20:52:07Z,i84wb_feeder,1000,610,852,291,10021,ok
2026-09-02T20:52:07Z,powell_wb,825,618,817,0,7125,ok
2026-09-02T20:52:07Z,ctrl_west,1747,1493,1692,57,31189,ok
2026-09-02T20:52:07Z,ctrl_se,1366,1102,1341,0,13207,ok
2026-09-02T21:44:28Z,i5sb_span,1667,1238,1545,154,14265,ok
2026-09-02T21:44:28Z,vanc_pdx,1417,1011,1280,154,13482,ok
2026-09-02T21:44:28Z,i5sb_detour,1303,920,1171,154,8411,ok
2026-09-02T21:44:28Z,interstate_sb,1035,853,1030,0,6162,ok
2026-09-02T21:44:28Z,williams_nb,1069,843,1073,0,6185,ok
2026-09-02T21:44:28Z,mlk_sb,1284,944,1289,0,10023,ok
2026-09-02T21:44:28Z,grand_nb,1021,702,1028,0,7151,ok
2026-09-02T21:44:28Z,i205_sb,1007,540,720,414,11198,ok
2026-09-02T21:44:28Z,i84wb_feeder,934,610,893,205,10021,ok
2026-09-02T21:44:28Z,powell_wb,833,618,837,0,7125,ok
2026-09-02T21:44:28Z,ctrl_west,1785,1493,1753,38,31189,ok
2026-09-02T21:44:28Z,ctrl_se,1284,998,1282,0,12385,ok
2026-09-02T22:52:06Z,i5sb_span,1889,881,1503,754,13967,ok
2026-09-02T22:52:06Z,vanc_pdx,1625,770,1275,714,13379,ok
2026-09-02T22:52:06Z,i5sb_detour,1314,662,1092,538,8309,ok
2026-09-02T22:52:06Z,interstate_sb,1141,853,1064,111,6162,ok
2026-09-02T22:52:06Z,williams_nb,1162,890,1163,0,7308,ok
2026-09-02T22:52:06Z,mlk_sb,1373,944,1376,0,9743,ok
2026-09-02T22:52:06Z,grand_nb,1248,702,1178,161,7151,ok
2026-09-02T22:52:06Z,i205_sb,1553,540,1000,956,11198,ok
2026-09-02T22:52:06Z,i84wb_feeder,934,610,999,146,10021,ok
2026-09-02T22:52:06Z,powell_wb,987,618,872,146,7125,ok
2026-09-02T22:52:06Z,ctrl_west,2124,1683,2096,0,29568,ok
2026-09-02T22:52:06Z,ctrl_se,1385,998,1368,109,12385,ok
2026-09-02T23:52:08Z,i5sb_span,1835,881,1632,598,13967,ok
2026-09-02T23:52:08Z,vanc_pdx,1625,836,1443,484,13302,ok
2026-09-02T23:52:08Z,i5sb_detour,1359,662,1263,553,8309,ok
2026-09-02T23:52:08Z,interstate_sb,1313,853,1090,270,6162,ok
2026-09-02T23:52:08Z,williams_nb,1237,843,1204,122,6185,ok
2026-09-02T23:52:08Z,mlk_sb,1430,944,1398,56,9743,ok
2026-09-02T23:52:08Z,grand_nb,1221,702,1247,0,7151,ok
2026-09-02T23:52:08Z,i205_sb,1548,540,1081,947,11198,ok
2026-09-02T23:52:08Z,i84wb_feeder,1351,917,1357,0,7890,ok
2026-09-02T23:52:08Z,powell_wb,888,618,896,0,7125,ok
2026-09-02T23:52:08Z,ctrl_west,2306,1693,2153,165,28318,ok
2026-09-02T23:52:08Z,ctrl_se,1411,1129,1401,0,13398,ok
2026-09-03T00:03:25Z,i5sb_span,1802,1238,1742,148,14265,ok
2026-09-03T00:03:25Z,vanc_pdx,1427,1011,1401,120,13482,ok
2026-09-03T00:03:25Z,i5sb_detour,1366,920,1290,120,8411,ok
2026-09-03T00:03:25Z,interstate_sb,1093,853,1089,0,6162,ok
2026-09-03T00:03:25Z,williams_nb,1250,843,1191,165,6185,ok
2026-09-03T00:03:25Z,mlk_sb,1370,944,1387,0,9743,ok
2026-09-03T00:03:25Z,grand_nb,1291,702,1240,154,7151,ok
2026-09-03T00:03:25Z,i205_sb,1552,1151,1512,54,11994,ok
2026-09-03T00:03:25Z,i84wb_feeder,1375,948,1395,0,8356,ok
2026-09-03T00:03:25Z,powell_wb,884,618,896,0,7125,ok
2026-09-03T00:03:25Z,ctrl_west,2244,1693,2150,113,28318,ok
2026-09-03T00:03:25Z,ctrl_se,1401,1129,1397,0,13398,ok
2026-09-03T01:52:13Z,i5sb_span,937,881,1088,0,13967,ok
2026-09-03T01:52:13Z,vanc_pdx,817,770,966,0,13379,ok
2026-09-03T01:52:13Z,i5sb_detour,616,572,765,9,10425,ok
2026-09-03T01:52:13Z,interstate_sb,790,729,907,0,7573,ok
2026-09-03T01:52:13Z,williams_nb,869,810,939,0,8210,ok
2026-09-03T01:52:13Z,mlk_sb,731,674,891,0,14269,ok
2026-09-03T01:52:13Z,grand_nb,726,607,800,0,9773,ok
2026-09-03T01:52:13Z,i205_sb,551,540,632,0,11198,ok
2026-09-03T01:52:13Z,i84wb_feeder,682,610,819,0,10021,ok
2026-09-03T01:52:13Z,powell_wb,775,618,784,0,7125,ok
2026-09-03T01:52:13Z,ctrl_west,1652,1493,1678,0,31189,ok
2026-09-03T01:52:13Z,ctrl_se,1288,1103,1297,0,13207,ok
2026-09-03T02:52:12Z,i5sb_span,900,881,971,0,13967,ok
2026-09-03T02:52:12Z,vanc_pdx,793,770,856,0,13379,ok
2026-09-03T02:52:12Z,i5sb_detour,591,572,658,0,10425,ok
2026-09-03T02:52:12Z,interstate_sb,763,729,816,0,7573,ok
2026-09-03T02:52:12Z,williams_nb,845,810,872,0,8210,ok
2026-09-03T02:52:12Z,mlk_sb,693,674,768,0,14269,ok
2026-09-03T02:52:12Z,grand_nb,646,607,683,0,9773,ok
2026-09-03T02:52:12Z,i205_sb,544,540,570,0,11198,ok
2026-09-03T02:52:12Z,i84wb_feeder,636,610,712,0,10021,ok
2026-09-03T02:52:12Z,powell_wb,702,618,717,0,7125,ok
2026-09-03T02:52:12Z,ctrl_west,1566,1493,1590,0,31189,ok
2026-09-03T02:52:12Z,ctrl_se,1094,998,1115,0,12385,ok
2026-09-03T03:52:11Z,i5sb_span,894,881,927,0,13967,ok
2026-09-03T03:52:11Z,vanc_pdx,789,770,818,0,13379,ok
2026-09-03T03:52:11Z,i5sb_detour,585,572,618,0,10425,ok
2026-09-03T03:52:11Z,interstate_sb,751,729,774,0,7573,ok
2026-09-03T03:52:11Z,williams_nb,838,810,849,0,8210,ok
2026-09-03T03:52:11Z,mlk_sb,687,674,723,0,14269,ok
2026-09-03T03:52:11Z,grand_nb,632,607,646,0,9773,ok
2026-09-03T03:52:11Z,i205_sb,546,540,558,0,11198,ok
2026-09-03T03:52:11Z,i84wb_feeder,632,610,661,0,10021,ok
2026-09-03T03:52:11Z,powell_wb,669,618,672,0,7125,ok
2026-09-03T03:52:11Z,ctrl_west,1549,1493,1548,0,31189,ok
2026-09-03T03:52:11Z,ctrl_se,1057,998,1061,0,12385,ok
2026-09-03T04:13:53Z,i5sb_span,904,881,911,0,13967,ok
2026-09-03T04:13:53Z,vanc_pdx,793,770,801,0,13379,ok
2026-09-03T04:13:53Z,i5sb_detour,588,572,604,0,10425,ok
2026-09-03T04:13:53Z,interstate_sb,756,729,759,0,7573,ok
2026-09-03T04:13:53Z,williams_nb,844,810,836,0,8210,ok
2026-09-03T04:13:53Z,mlk_sb,694,674,706,0,14269,ok
2026-09-03T04:13:53Z,grand_nb,632,607,633,0,9773,ok
2026-09-03T04:13:53Z,i205_sb,548,540,552,0,11198,ok
2026-09-03T04:13:53Z,i84wb_feeder,639,610,644,0,10021,ok
2026-09-03T04:13:53Z,powell_wb,670,618,653,0,7125,ok
2026-09-03T04:13:53Z,ctrl_west,1547,1493,1527,0,31189,ok
2026-09-03T04:13:53Z,ctrl_se,1065,998,1037,0,12385,ok
2026-09-03T05:52:10Z,i5sb_span,921,910,910,0,14300,ok
2026-09-03T05:52:10Z,vanc_pdx,780,770,770,0,13379,ok
2026-09-03T05:52:10Z,i5sb_detour,578,572,572,0,10425,ok
2026-09-03T05:52:10Z,interstate_sb,741,729,729,0,7573,ok
2026-09-03T05:52:10Z,williams_nb,824,810,810,0,8210,ok
2026-09-03T05:52:10Z,mlk_sb,683,674,674,0,14269,ok
2026-09-03T05:52:10Z,grand_nb,616,607,607,0,9773,ok
2026-09-03T05:52:10Z,i205_sb,544,540,540,0,11198,ok
2026-09-03T05:52:10Z,i84wb_feeder,616,610,610,0,10021,ok
2026-09-03T05:52:10Z,powell_wb,635,618,618,0,7125,ok
2026-09-03T05:52:10Z,ctrl_west,1517,1493,1493,0,31189,ok
2026-09-03T05:52:10Z,ctrl_se,1026,998,998,0,12385,ok
2026-09-03T06:52:11Z,i5sb_span,889,881,881,0,13967,ok
2026-09-03T06:52:11Z,vanc_pdx,777,770,770,0,13379,ok
2026-09-03T06:52:11Z,i5sb_detour,577,572,572,0,10425,ok
2026-09-03T06:52:11Z,interstate_sb,737,729,729,0,7573,ok
2026-09-03T06:52:11Z,williams_nb,819,810,810,0,8210,ok
2026-09-03T06:52:11Z,mlk_sb,680,674,674,0,14269,ok
2026-09-03T06:52:11Z,grand_nb,613,607,607,0,9773,ok
2026-09-03T06:52:11Z,i205_sb,543,540,540,0,11198,ok
2026-09-03T06:52:11Z,i84wb_feeder,614,610,610,0,10021,ok
2026-09-03T06:52:11Z,powell_wb,629,618,618,0,7125,ok
2026-09-03T06:52:11Z,ctrl_west,1501,1493,1493,0,31189,ok
2026-09-03T06:52:11Z,ctrl_se,1016,998,998,0,12385,ok
2026-09-03T07:52:10Z,i5sb_span,876,881,881,0,13967,ok
2026-09-03T07:52:10Z,vanc_pdx,768,770,772,0,13379,ok
2026-09-03T07:52:10Z,i5sb_detour,571,572,572,0,10425,ok
2026-09-03T07:52:10Z,interstate_sb,725,729,729,0,7573,ok
2026-09-03T07:52:10Z,williams_nb,805,810,810,0,8210,ok
2026-09-03T07:52:10Z,mlk_sb,670,674,674,0,14269,ok
2026-09-03T07:52:10Z,grand_nb,603,607,607,0,9773,ok
2026-09-03T07:52:10Z,i205_sb,538,540,540,0,11198,ok
2026-09-03T07:52:10Z,i84wb_feeder,606,610,610,0,10021,ok
2026-09-03T07:52:10Z,powell_wb,612,618,618,0,7125,ok
2026-09-03T07:52:10Z,ctrl_west,1463,1493,1493,0,31189,ok
2026-09-03T07:52:10Z,ctrl_se,988,998,998,0,12385,ok
2026-09-03T08:52:09Z,i5sb_span,871,881,881,0,13967,ok
2026-09-03T08:52:09Z,vanc_pdx,769,770,772,0,13379,ok
2026-09-03T08:52:09Z,i5sb_detour,573,572,572,0,10425,ok
2026-09-03T08:52:09Z,interstate_sb,721,729,729,0,7573,ok
2026-09-03T08:52:09Z,williams_nb,800,810,810,0,8210,ok
2026-09-03T08:52:09Z,mlk_sb,669,674,674,0,14269,ok
2026-09-03T08:52:09Z,grand_nb,600,607,607,0,9773,ok
2026-09-03T08:52:09Z,i205_sb,537,540,540,0,11198,ok
2026-09-03T08:52:09Z,i84wb_feeder,603,610,610,0,10021,ok
2026-09-03T08:52:09Z,powell_wb,607,618,618,0,7125,ok
2026-09-03T08:52:09Z,ctrl_west,1458,1493,1493,0,31189,ok
2026-09-03T08:52:09Z,ctrl_se,979,998,998,0,12385,ok
2026-09-03T09:52:09Z,i5sb_span,866,881,881,0,13967,ok
2026-09-03T09:52:09Z,vanc_pdx,764,770,772,0,13379,ok
2026-09-03T09:52:09Z,i5sb_detour,566,572,572,0,10425,ok
2026-09-03T09:52:09Z,interstate_sb,717,729,729,0,7573,ok
2026-09-03T09:52:09Z,williams_nb,796,810,810,0,8210,ok
2026-09-03T09:52:09Z,mlk_sb,664,674,674,0,14269,ok
2026-09-03T09:52:09Z,grand_nb,596,607,607,0,9773,ok
2026-09-03T09:52:09Z,i205_sb,536,540,540,0,11198,ok
2026-09-03T09:52:09Z,i84wb_feeder,601,610,610,0,10021,ok
2026-09-03T09:52:09Z,powell_wb,601,618,618,0,7125,ok
2026-09-03T09:52:09Z,ctrl_west,1474,1493,1493,0,31189,ok
2026-09-03T09:52:09Z,ctrl_se,970,998,998,0,12385,ok
2026-09-03T10:52:11Z,i5sb_span,870,881,885,0,13967,ok
2026-09-03T10:52:11Z,vanc_pdx,764,770,775,0,13379,ok
2026-09-03T10:52:11Z,i5sb_detour,567,572,573,0,10425,ok
2026-09-03T10:52:11Z,interstate_sb,719,729,730,0,7573,ok
2026-09-03T10:52:11Z,williams_nb,797,810,814,0,8210,ok
2026-09-03T10:52:11Z,mlk_sb,665,674,677,0,14269,ok
2026-09-03T10:52:11Z,grand_nb,598,607,608,0,9773,ok
2026-09-03T10:52:11Z,i205_sb,536,540,541,0,11198,ok
2026-09-03T10:52:11Z,i84wb_feeder,602,610,611,0,10021,ok
2026-09-03T10:52:11Z,powell_wb,603,618,620,0,7125,ok
2026-09-03T10:52:11Z,ctrl_west,1482,1493,1504,0,31189,ok
2026-09-03T10:52:11Z,ctrl_se,975,998,1003,0,12385,ok
2026-09-03T11:52:08Z,i5sb_span,873,881,894,0,13967,ok
2026-09-03T11:52:08Z,vanc_pdx,766,770,785,0,13379,ok
2026-09-03T11:52:08Z,i5sb_detour,569,572,581,0,10425,ok
2026-09-03T11:52:08Z,interstate_sb,722,729,737,0,7573,ok
2026-09-03T11:52:08Z,williams_nb,802,810,820,0,8210,ok
2026-09-03T11:52:08Z,mlk_sb,667,674,686,0,14269,ok
2026-09-03T11:52:08Z,grand_nb,602,607,617,0,9773,ok
2026-09-03T11:52:08Z,i205_sb,537,540,547,0,11198,ok
2026-09-03T11:52:08Z,i84wb_feeder,604,610,621,0,10021,ok
2026-09-03T11:52:08Z,powell_wb,610,618,627,0,7125,ok
2026-09-03T11:52:08Z,ctrl_west,1484,1493,1517,0,31189,ok
2026-09-03T11:52:08Z,ctrl_se,984,998,1012,0,12385,ok
2026-09-03T12:52:24Z,i5sb_span,902,881,922,0,13967,ok
2026-09-03T12:52:24Z,vanc_pdx,805,770,826,0,13379,ok
2026-09-03T12:52:24Z,i5sb_detour,586,572,588,0,10425,ok
2026-09-03T12:52:24Z,interstate_sb,742,729,747,0,7573,ok
2026-09-03T12:52:24Z,williams_nb,805,810,823,0,8210,ok
2026-09-03T12:52:24Z,mlk_sb,696,674,716,0,14269,ok
2026-09-03T12:52:24Z,grand_nb,613,607,625,0,9773,ok
2026-09-03T12:52:24Z,i205_sb,538,540,548,0,11198,ok
2026-09-03T12:52:24Z,i84wb_feeder,639,610,643,0,10021,ok
2026-09-03T12:52:24Z,powell_wb,627,618,644,0,7125,ok
2026-09-03T12:52:24Z,ctrl_west,1512,1493,1547,0,31189,ok
2026-09-03T12:52:24Z,ctrl_se,1012,998,1040,0,12385,ok
2026-09-03T13:30:36Z,i5sb_span,977,881,1025,0,13967,ok
2026-09-03T13:30:36Z,vanc_pdx,964,770,983,17,13379,ok
2026-09-03T13:30:36Z,i5sb_detour,635,572,620,0,10425,ok
2026-09-03T13:30:36Z,interstate_sb,803,729,784,0,7573,ok
2026-09-03T13:30:36Z,williams_nb,826,810,838,0,8210,ok
2026-09-03T13:30:36Z,mlk_sb,781,674,837,0,14269,ok
2026-09-03T13:30:36Z,grand_nb,636,607,644,0,9773,ok
2026-09-03T13:30:36Z,i205_sb,543,540,552,0,11198,ok
2026-09-03T13:30:36Z,i84wb_feeder,740,610,720,0,10021,ok
2026-09-03T13:30:36Z,powell_wb,696,618,697,0,7125,ok
2026-09-03T13:30:36Z,ctrl_west,1611,1493,1615,0,31189,ok
2026-09-03T13:30:36Z,ctrl_se,1098,998,1098,0,12385,ok
2026-09-03T14:52:09Z,i5sb_span,1746,1323,1744,92,14034,ok
2026-09-03T14:52:09Z,vanc_pdx,1763,1263,1696,116,14551,ok
2026-09-03T14:52:09Z,i5sb_detour,1082,572,915,428,10425,ok
2026-09-03T14:52:09Z,interstate_sb,1043,853,1052,0,6162,ok
2026-09-03T14:52:09Z,williams_nb,876,810,896,0,8210,ok
2026-09-03T14:52:09Z,mlk_sb,1222,944,1235,0,9743,ok
2026-09-03T14:52:09Z,grand_nb,691,607,747,0,9773,ok
2026-09-03T14:52:09Z,i205_sb,601,540,585,9,11198,ok
2026-09-03T14:52:09Z,i84wb_feeder,1147,917,1155,0,7890,ok
2026-09-03T14:52:09Z,powell_wb,1107,864,1118,0,8333,ok
2026-09-03T14:52:09Z,ctrl_west,2015,1683,1987,0,29568,ok
2026-09-03T14:52:09Z,ctrl_se,1269,998,1279,0,12385,ok
2026-09-03T15:52:09Z,i5sb_span,1704,1323,1663,81,14034,ok
2026-09-03T15:52:09Z,vanc_pdx,1777,1263,1607,223,14551,ok
2026-09-03T15:52:09Z,i5sb_detour,1261,1084,1260,0,9424,ok
2026-09-03T15:52:09Z,interstate_sb,1034,853,1040,0,6162,ok
2026-09-03T15:52:09Z,williams_nb,865,810,881,0,8210,ok
2026-09-03T15:52:09Z,mlk_sb,1200,944,1210,0,9743,ok
2026-09-03T15:52:09Z,grand_nb,816,607,741,136,9773,ok
2026-09-03T15:52:09Z,i205_sb,603,540,575,6,11198,ok
2026-09-03T15:52:09Z,i84wb_feeder,1136,917,1143,0,7890,ok
2026-09-03T15:52:09Z,powell_wb,1084,864,1092,0,8333,ok
2026-09-03T15:52:09Z,ctrl_west,1998,1683,1944,0,29568,ok
2026-09-03T15:52:09Z,ctrl_se,1220,998,1226,0,12385,ok
2026-09-03T16:52:16Z,i5sb_span,1631,1323,1604,0,14034,ok
2026-09-03T16:52:16Z,vanc_pdx,1589,1219,1446,152,14755,ok
2026-09-03T16:52:16Z,i5sb_detour,1242,1036,1212,0,9442,ok
2026-09-03T16:52:16Z,interstate_sb,1018,853,998,0,6162,ok
2026-09-03T16:52:16Z,williams_nb,907,810,872,13,8210,ok
2026-09-03T16:52:16Z,mlk_sb,1197,944,1176,0,9743,ok
2026-09-03T16:52:16Z,grand_nb,892,702,873,0,7151,ok
2026-09-03T16:52:16Z,i205_sb,607,540,570,0,11198,ok
2026-09-03T16:52:16Z,i84wb_feeder,1146,917,1122,0,7890,ok
2026-09-03T16:52:16Z,powell_wb,823,618,813,0,7125,ok
2026-09-03T16:52:16Z,ctrl_west,1706,1493,1679,0,31189,ok
2026-09-03T16:52:16Z,ctrl_se,1218,998,1191,0,12385,ok
2026-09-03T17:10:25Z,i5sb_span,1596,1323,1606,0,14034,ok
2026-09-03T17:10:25Z,vanc_pdx,1457,1257,1451,13,14282,ok
2026-09-03T17:10:25Z,i5sb_detour,1214,1036,1211,0,9442,ok
2026-09-03T17:10:25Z,interstate_sb,995,853,996,0,6162,ok
2026-09-03T17:10:25Z,williams_nb,912,808,915,0,7481,ok
2026-09-03T17:10:25Z,mlk_sb,1171,944,1180,0,9743,ok
2026-09-03T17:10:25Z,grand_nb,746,607,729,27,9773,ok
2026-09-03T17:10:25Z,i205_sb,560,540,572,0,11198,ok
2026-09-03T17:10:25Z,i84wb_feeder,1083,873,1137,0,9056,ok
2026-09-03T17:10:25Z,powell_wb,795,618,803,0,7125,ok
2026-09-03T17:10:25Z,ctrl_west,1641,1493,1672,0,31189,ok
2026-09-03T17:10:25Z,ctrl_se,1192,998,1191,0,12385,ok
2026-09-03T18:52:16Z,i5sb_span,1183,987,1222,64,15874,ok
2026-09-03T18:52:16Z,vanc_pdx,973,770,1013,64,13379,ok
2026-09-03T18:52:16Z,i5sb_detour,766,570,781,64,9303,ok
2026-09-03T18:52:16Z,interstate_sb,932,793,944,0,6625,ok
2026-09-03T18:52:16Z,williams_nb,889,810,901,0,8210,ok
2026-09-03T18:52:16Z,mlk_sb,1009,674,939,236,14269,ok
2026-09-03T18:52:16Z,grand_nb,732,620,758,0,10863,ok
2026-09-03T18:52:16Z,i205_sb,576,540,596,0,11198,ok
2026-09-03T18:52:16Z,i84wb_feeder,911,610,842,217,10021,ok
2026-09-03T18:52:16Z,powell_wb,800,618,809,0,7125,ok
2026-09-03T18:52:16Z,ctrl_west,1623,1493,1671,0,31189,ok
2026-09-03T18:52:16Z,ctrl_se,1264,998,1220,77,12385,ok
2026-09-03T19:52:15Z,i5sb_span,1068,881,1149,60,13967,ok
2026-09-03T19:52:15Z,vanc_pdx,902,770,1003,0,13379,ok
2026-09-03T19:52:15Z,i5sb_detour,697,570,775,0,9303,ok
2026-09-03T19:52:15Z,interstate_sb,853,729,902,32,7573,ok
2026-09-03T19:52:15Z,williams_nb,900,810,923,0,8210,ok
2026-09-03T19:52:15Z,mlk_sb,859,674,936,60,14269,ok
2026-09-03T19:52:15Z,grand_nb,758,620,788,30,10863,ok
2026-09-03T19:52:15Z,i205_sb,566,540,614,0,11198,ok
2026-09-03T19:52:15Z,i84wb_feeder,892,610,828,195,10021,ok
2026-09-03T19:52:15Z,powell_wb,792,618,800,0,7125,ok
2026-09-03T19:52:15Z,ctrl_west,1659,1493,1670,0,31189,ok
2026-09-03T19:52:15Z,ctrl_se,1213,998,1218,0,12385,ok
2026-09-03T20:52:12Z,i5sb_span,1239,881,1204,226,13967,ok
2026-09-03T20:52:12Z,vanc_pdx,1338,770,1040,460,13379,ok
2026-09-03T20:52:12Z,i5sb_detour,910,572,835,226,10425,ok
2026-09-03T20:52:12Z,interstate_sb,950,785,934,45,6507,ok
2026-09-03T20:52:12Z,williams_nb,1041,810,993,158,8210,ok
2026-09-03T20:52:12Z,mlk_sb,1093,736,1042,226,12713,ok
2026-09-03T20:52:12Z,grand_nb,897,607,895,133,9773,ok
2026-09-03T20:52:12Z,i205_sb,767,540,654,189,11198,ok
2026-09-03T20:52:12Z,i84wb_feeder,900,610,857,182,10021,ok
2026-09-03T20:52:12Z,powell_wb,812,618,814,0,7125,ok
2026-09-03T20:52:12Z,ctrl_west,1728,1493,1698,30,31189,ok
2026-09-03T20:52:12Z,ctrl_se,1243,998,1244,0,12385,ok
2026-09-03T21:52:09Z,i5sb_span,1356,881,1340,307,13967,ok
2026-09-03T21:52:09Z,vanc_pdx,1143,770,1142,256,13379,ok
2026-09-03T21:52:09Z,i5sb_detour,964,572,940,307,10425,ok
2026-09-03T21:52:09Z,interstate_sb,927,785,959,0,6507,ok
2026-09-03T21:52:09Z,williams_nb,1089,946,1086,0,7570,ok
2026-09-03T21:52:09Z,mlk_sb,1145,674,1139,307,14269,ok
2026-09-03T21:52:09Z,grand_nb,1065,702,1077,0,7151,ok
2026-09-03T21:52:09Z,i205_sb,1043,540,802,459,11198,ok
2026-09-03T21:52:09Z,i84wb_feeder,1064,610,908,351,10021,ok
2026-09-03T21:52:09Z,powell_wb,832,618,838,0,7125,ok
2026-09-03T21:52:09Z,ctrl_west,1875,1493,1780,142,31189,ok
2026-09-03T21:52:09Z,ctrl_se,1401,1103,1402,0,13207,ok
2026-09-03T22:29:22Z,i5sb_span,1302,881,1480,119,13967,ok
2026-09-03T22:29:22Z,vanc_pdx,1137,770,1263,223,13379,ok
2026-09-03T22:29:22Z,i5sb_detour,991,662,1057,223,8309,ok
2026-09-03T22:29:22Z,interstate_sb,958,793,997,0,6625,ok
2026-09-03T22:29:22Z,williams_nb,1133,946,1137,0,7570,ok
2026-09-03T22:29:22Z,mlk_sb,1101,674,1293,119,14269,ok
2026-09-03T22:29:22Z,grand_nb,1307,702,1175,283,7151,ok
2026-09-03T22:29:22Z,i205_sb,1085,540,968,451,11198,ok
2026-09-03T22:29:22Z,i84wb_feeder,936,610,964,170,10021,ok
2026-09-03T22:29:22Z,powell_wb,847,618,859,0,7125,ok
2026-09-03T22:29:22Z,ctrl_west,2010,1493,1877,248,31189,ok
2026-09-03T22:29:22Z,ctrl_se,1376,1129,1381,0,13398,ok
2026-09-03T23:52:08Z,i5sb_span,1732,881,1677,513,13967,ok
2026-09-03T23:52:08Z,vanc_pdx,1419,1011,1467,103,13482,ok
2026-09-03T23:52:08Z,i5sb_detour,1364,662,1275,489,8309,ok
2026-09-03T23:52:08Z,interstate_sb,1076,793,1032,103,6625,ok
2026-09-03T23:52:08Z,williams_nb,1282,843,1249,165,6185,ok
2026-09-03T23:52:08Z,mlk_sb,1397,944,1433,0,9743,ok
2026-09-03T23:52:08Z,grand_nb,1376,872,1427,0,7995,ok
2026-09-03T23:52:08Z,i205_sb,1314,540,1150,617,11198,ok
2026-09-03T23:52:08Z,i84wb_feeder,1328,917,1360,0,7890,ok
2026-09-03T23:52:08Z,powell_wb,931,618,901,53,7125,ok
2026-09-03T23:52:08Z,ctrl_west,2257,1526,2072,458,32641,ok
2026-09-03T23:52:08Z,ctrl_se,1405,1129,1416,0,13398,ok
2026-09-04T00:21:27Z,i5sb_span,1486,881,1580,318,13967,ok
2026-09-04T00:21:27Z,vanc_pdx,1270,770,1410,258,13379,ok
2026-09-04T00:21:27Z,i5sb_detour,1163,662,1223,258,8309,ok
2026-09-04T00:21:27Z,interstate_sb,969,793,1018,0,6625,ok
2026-09-04T00:21:27Z,williams_nb,1166,890,1186,0,7308,ok
2026-09-04T00:21:27Z,mlk_sb,1283,674,1402,318,14269,ok
2026-09-04T00:21:27Z,grand_nb,1263,702,1280,133,7151,ok
2026-09-04T00:21:27Z,i205_sb,1118,540,1044,477,11198,ok
2026-09-04T00:21:27Z,i84wb_feeder,1027,610,1071,242,10021,ok
2026-09-04T00:21:27Z,powell_wb,873,618,894,0,7125,ok
2026-09-04T00:21:27Z,ctrl_west,2236,1493,2030,467,31189,ok
2026-09-04T00:21:27Z,ctrl_se,1383,998,1382,109,12385,ok
2026-09-04T01:52:11Z,i5sb_span,965,881,1111,0,13967,ok
2026-09-04T01:52:11Z,vanc_pdx,822,770,997,0,13379,ok
2026-09-04T01:52:11Z,i5sb_detour,630,572,774,0,10425,ok
2026-09-04T01:52:11Z,interstate_sb,795,729,909,0,7573,ok
2026-09-04T01:52:11Z,williams_nb,868,810,1010,0,8210,ok
2026-09-04T01:52:11Z,mlk_sb,761,674,918,0,14269,ok
2026-09-04T01:52:11Z,grand_nb,709,607,882,0,9773,ok
2026-09-04T01:52:11Z,i205_sb,553,540,650,0,11198,ok
2026-09-04T01:52:11Z,i84wb_feeder,678,610,828,0,10021,ok
2026-09-04T01:52:11Z,powell_wb,772,618,788,0,7125,ok
2026-09-04T01:52:11Z,ctrl_west,1644,1493,1678,0,31189,ok
2026-09-04T01:52:11Z,ctrl_se,1187,998,1206,0,12385,ok
2026-09-04T02:52:10Z,i5sb_span,902,881,982,0,13967,ok
2026-09-04T02:52:10Z,vanc_pdx,798,770,874,0,13379,ok
2026-09-04T02:52:10Z,i5sb_detour,591,572,663,0,10425,ok
2026-09-04T02:52:10Z,interstate_sb,767,729,822,0,7573,ok
2026-09-04T02:52:10Z,williams_nb,844,810,893,0,8210,ok
2026-09-04T02:52:10Z,mlk_sb,696,674,779,0,14269,ok
2026-09-04T02:52:10Z,grand_nb,652,607,714,0,9773,ok
2026-09-04T02:52:10Z,i205_sb,545,540,578,0,11198,ok
2026-09-04T02:52:10Z,i84wb_feeder,643,610,722,0,10021,ok
2026-09-04T02:52:10Z,powell_wb,703,618,719,0,7125,ok
2026-09-04T02:52:10Z,ctrl_west,1563,1493,1589,0,31189,ok
2026-09-04T02:52:10Z,ctrl_se,1096,998,1118,0,12385,ok
2026-09-04T03:52:11Z,i5sb_span,897,881,932,0,13967,ok
2026-09-04T03:52:11Z,vanc_pdx,791,770,827,0,13379,ok
2026-09-04T03:52:11Z,i5sb_detour,585,572,619,0,10425,ok
2026-09-04T03:52:11Z,interstate_sb,754,729,777,0,7573,ok
2026-09-04T03:52:11Z,williams_nb,836,810,853,0,8210,ok
2026-09-04T03:52:11Z,mlk_sb,689,674,726,0,14269,ok
2026-09-04T03:52:11Z,grand_nb,634,607,657,0,9773,ok
2026-09-04T03:52:11Z,i205_sb,544,540,561,0,11198,ok
2026-09-04T03:52:11Z,i84wb_feeder,632,610,666,0,10021,ok
2026-09-04T03:52:11Z,powell_wb,670,618,673,0,7125,ok
2026-09-04T03:52:11Z,ctrl_west,1549,1493,1549,0,31189,ok
2026-09-04T03:52:11Z,ctrl_se,1060,998,1064,0,12385,ok
2026-09-04T04:45:23Z,i5sb_span,908,881,887,0,13967,ok
2026-09-04T04:45:23Z,vanc_pdx,792,770,779,0,13379,ok
2026-09-04T04:45:23Z,i5sb_detour,591,572,582,0,10425,ok
2026-09-04T04:45:23Z,interstate_sb,752,729,738,0,7573,ok
2026-09-04T04:45:23Z,williams_nb,829,810,815,0,8210,ok
2026-09-04T04:45:23Z,mlk_sb,700,674,681,0,14269,ok
2026-09-04T04:45:23Z,grand_nb,621,607,615,0,9773,ok
2026-09-04T04:45:23Z,i205_sb,545,540,545,0,11198,ok
2026-09-04T04:45:23Z,i84wb_feeder,620,610,619,0,10021,ok
2026-09-04T04:45:23Z,powell_wb,643,618,627,0,7125,ok
2026-09-04T04:45:23Z,ctrl_west,1521,1493,1499,0,31189,ok
2026-09-04T04:45:23Z,ctrl_se,1033,998,1005,0,12385,ok
2026-09-04T05:52:10Z,i5sb_span,929,910,910,0,14300,ok
2026-09-04T05:52:10Z,vanc_pdx,783,770,772,0,13379,ok
2026-09-04T05:52:10Z,i5sb_detour,586,572,572,0,10425,ok
2026-09-04T05:52:10Z,interstate_sb,746,729,729,0,7573,ok
2026-09-04T05:52:10Z,williams_nb,829,810,810,0,8210,ok
2026-09-04T05:52:10Z,mlk_sb,691,674,674,0,14269,ok
2026-09-04T05:52:10Z,grand_nb,619,607,607,0,9773,ok
2026-09-04T05:52:10Z,i205_sb,545,540,540,0,11198,ok
2026-09-04T05:52:10Z,i84wb_feeder,624,610,610,0,10021,ok
2026-09-04T05:52:10Z,powell_wb,640,618,618,0,7125,ok
2026-09-04T05:52:10Z,ctrl_west,1517,1493,1493,0,31189,ok
2026-09-04T05:52:10Z,ctrl_se,1035,998,998,0,12385,ok
2026-09-04T06:52:10Z,i5sb_span,893,881,881,0,13967,ok
2026-09-04T06:52:10Z,vanc_pdx,777,770,772,0,13379,ok
2026-09-04T06:52:10Z,i5sb_detour,579,572,572,0,10425,ok
2026-09-04T06:52:10Z,interstate_sb,738,729,729,0,7573,ok
2026-09-04T06:52:10Z,williams_nb,819,810,810,0,8210,ok
2026-09-04T06:52:10Z,mlk_sb,683,674,674,0,14269,ok
2026-09-04T06:52:10Z,grand_nb,613,607,607,0,9773,ok
2026-09-04T06:52:10Z,i205_sb,543,540,540,0,11198,ok
2026-09-04T06:52:10Z,i84wb_feeder,614,610,610,0,10021,ok
2026-09-04T06:52:10Z,powell_wb,629,618,618,0,7125,ok
2026-09-04T06:52:10Z,ctrl_west,1502,1493,1493,0,31189,ok
2026-09-04T06:52:10Z,ctrl_se,1016,998,998,0,12385,ok
2026-09-04T07:52:12Z,i5sb_span,880,881,881,0,13967,ok
2026-09-04T07:52:12Z,vanc_pdx,768,770,770,0,13379,ok
2026-09-04T07:52:12Z,i5sb_detour,577,572,572,0,10425,ok
2026-09-04T07:52:12Z,interstate_sb,726,729,729,0,7573,ok
2026-09-04T07:52:12Z,williams_nb,805,810,810,0,8210,ok
2026-09-04T07:52:12Z,mlk_sb,675,674,674,0,14269,ok
2026-09-04T07:52:12Z,grand_nb,603,607,607,0,9773,ok
2026-09-04T07:52:12Z,i205_sb,538,540,540,0,11198,ok
2026-09-04T07:52:12Z,i84wb_feeder,606,610,610,0,10021,ok
2026-09-04T07:52:12Z,powell_wb,612,618,618,0,7125,ok
2026-09-04T07:52:12Z,ctrl_west,1471,1493,1493,0,31189,ok
2026-09-04T07:52:12Z,ctrl_se,988,998,998,0,12385,ok
2026-09-04T08:52:10Z,i5sb_span,873,881,881,0,13967,ok
2026-09-04T08:52:10Z,vanc_pdx,762,770,770,0,13379,ok
2026-09-04T08:52:10Z,i5sb_detour,574,572,572,0,10425,ok
2026-09-04T08:52:10Z,interstate_sb,718,729,729,0,7573,ok
2026-09-04T08:52:10Z,williams_nb,796,810,810,0,8210,ok
2026-09-04T08:52:10Z,mlk_sb,670,674,674,0,14269,ok
2026-09-04T08:52:10Z,grand_nb,596,607,607,0,9773,ok
2026-09-04T08:52:10Z,i205_sb,536,540,540,0,11198,ok
2026-09-04T08:52:10Z,i84wb_feeder,601,610,610,0,10021,ok
2026-09-04T08:52:10Z,powell_wb,601,618,618,0,7125,ok
2026-09-04T08:52:10Z,ctrl_west,1455,1493,1493,0,31189,ok
2026-09-04T08:52:10Z,ctrl_se,970,998,998,0,12385,ok
2026-09-04T09:31:01Z,i5sb_span,865,881,881,0,13967,ok
2026-09-04T09:31:01Z,vanc_pdx,761,770,770,0,13379,ok
2026-09-04T09:31:01Z,i5sb_detour,569,572,572,0,10425,ok
2026-09-04T09:31:01Z,interstate_sb,714,729,729,0,7573,ok
2026-09-04T09:31:01Z,williams_nb,791,810,810,0,8210,ok
2026-09-04T09:31:01Z,mlk_sb,664,674,674,0,14269,ok
2026-09-04T09:31:01Z,grand_nb,593,607,607,0,9773,ok
2026-09-04T09:31:01Z,i205_sb,534,540,540,0,11198,ok
2026-09-04T09:31:01Z,i84wb_feeder,598,610,610,0,10021,ok
2026-09-04T09:31:01Z,powell_wb,596,618,618,0,7125,ok
2026-09-04T09:31:01Z,ctrl_west,1455,1493,1493,0,31189,ok
2026-09-04T09:31:01Z,ctrl_se,960,998,998,0,12385,ok
2026-09-04T10:52:45Z,i5sb_span,867,881,886,0,13967,ok
2026-09-04T10:52:45Z,vanc_pdx,761,770,773,0,13379,ok
2026-09-04T10:52:45Z,i5sb_detour,568,572,573,0,10425,ok
2026-09-04T10:52:45Z,interstate_sb,715,729,731,0,7573,ok
2026-09-04T10:52:45Z,williams_nb,792,810,814,0,8210,ok
2026-09-04T10:52:45Z,mlk_sb,663,674,677,0,14269,ok
2026-09-04T10:52:45Z,grand_nb,594,607,608,0,9773,ok
2026-09-04T10:52:45Z,i205_sb,534,540,542,0,11198,ok
2026-09-04T10:52:45Z,i84wb_feeder,599,610,612,0,10021,ok
2026-09-04T10:52:45Z,powell_wb,597,618,620,0,7125,ok
2026-09-04T10:52:45Z,ctrl_west,1467,1493,1504,0,31189,ok
2026-09-04T10:52:45Z,ctrl_se,966,998,1004,0,12385,ok
2026-09-04T11:52:09Z,i5sb_span,880,881,894,0,13967,ok
2026-09-04T11:52:09Z,vanc_pdx,767,770,783,1,13379,ok
2026-09-04T11:52:09Z,i5sb_detour,579,572,581,0,10425,ok
2026-09-04T11:52:09Z,interstate_sb,724,729,738,0,7573,ok
2026-09-04T11:52:09Z,williams_nb,802,810,820,0,8210,ok
2026-09-04T11:52:09Z,mlk_sb,674,674,686,0,14269,ok
2026-09-04T11:52:09Z,grand_nb,601,607,615,0,9773,ok
2026-09-04T11:52:09Z,i205_sb,537,540,549,0,11198,ok
2026-09-04T11:52:09Z,i84wb_feeder,604,610,618,0,10021,ok
2026-09-04T11:52:09Z,powell_wb,610,618,627,0,7125,ok
2026-09-04T11:52:09Z,ctrl_west,1476,1493,1517,0,31189,ok
2026-09-04T11:52:09Z,ctrl_se,983,998,1011,0,12385,ok
2026-09-04T12:52:09Z,i5sb_span,877,881,904,0,13967,ok
2026-09-04T12:52:09Z,vanc_pdx,769,770,790,0,13379,ok
2026-09-04T12:52:09Z,i5sb_detour,571,572,587,0,10425,ok
2026-09-04T12:52:09Z,interstate_sb,727,729,746,0,7573,ok
2026-09-04T12:52:09Z,williams_nb,812,810,830,0,8210,ok
2026-09-04T12:52:09Z,mlk_sb,673,674,697,0,14269,ok
2026-09-04T12:52:09Z,grand_nb,608,607,620,0,9773,ok
2026-09-04T12:52:09Z,i205_sb,537,540,550,0,11198,ok
2026-09-04T12:52:09Z,i84wb_feeder,612,610,627,0,10021,ok
2026-09-04T12:52:09Z,powell_wb,622,618,639,0,7125,ok
2026-09-04T12:52:09Z,ctrl_west,1513,1493,1539,0,31189,ok
2026-09-04T12:52:09Z,ctrl_se,999,998,1027,0,12385,ok
2026-09-04T13:44:31Z,i5sb_span,923,881,947,0,13967,ok
2026-09-04T13:44:31Z,vanc_pdx,821,770,829,0,13379,ok
2026-09-04T13:44:31Z,i5sb_detour,599,572,620,0,10425,ok
2026-09-04T13:44:31Z,interstate_sb,767,729,785,0,7573,ok
2026-09-04T13:44:31Z,williams_nb,838,810,849,0,8210,ok
2026-09-04T13:44:31Z,mlk_sb,717,674,740,0,14269,ok
2026-09-04T13:44:31Z,grand_nb,629,607,643,0,9773,ok
2026-09-04T13:44:31Z,i205_sb,542,540,564,0,11198,ok
2026-09-04T13:44:31Z,i84wb_feeder,676,610,671,0,10021,ok
2026-09-04T13:44:31Z,powell_wb,683,618,683,0,7125,ok
2026-09-04T13:44:31Z,ctrl_west,1595,1493,1602,0,31189,ok
2026-09-04T13:44:31Z,ctrl_se,1089,998,1089,0,12385,ok
2026-09-04T14:52:13Z,i5sb_span,1191,881,1107,224,13967,ok
2026-09-04T14:52:13Z,vanc_pdx,997,770,965,137,13379,ok
2026-09-04T14:52:13Z,i5sb_detour,771,570,738,120,9303,ok
2026-09-04T14:52:13Z,interstate_sb,1006,853,1009,0,6162,ok
2026-09-04T14:52:13Z,williams_nb,883,810,904,0,8210,ok
2026-09-04T14:52:13Z,mlk_sb,969,674,887,224,14269,ok
2026-09-04T14:52:13Z,grand_nb,725,607,719,49,9773,ok
2026-09-04T14:52:13Z,i205_sb,546,540,607,0,11198,ok
2026-09-04T14:52:13Z,i84wb_feeder,916,610,821,215,10021,ok
2026-09-04T14:52:13Z,powell_wb,901,618,793,141,7125,ok
2026-09-04T14:52:13Z,ctrl_west,1764,1504,1704,62,30425,ok
2026-09-04T14:52:13Z,ctrl_se,1199,998,1205,0,12385,ok
2026-09-04T15:52:46Z,i5sb_span,1084,881,1147,66,13967,ok
2026-09-04T15:52:46Z,vanc_pdx,962,770,1012,76,13379,ok
2026-09-04T15:52:46Z,i5sb_detour,752,572,766,62,10425,ok
2026-09-04T15:52:46Z,interstate_sb,899,729,926,47,7573,ok
2026-09-04T15:52:46Z,williams_nb,863,810,888,0,8210,ok
2026-09-04T15:52:46Z,mlk_sb,876,674,934,66,14269,ok
2026-09-04T15:52:46Z,grand_nb,680,607,725,0,9773,ok
2026-09-04T15:52:46Z,i205_sb,559,540,612,0,11198,ok
2026-09-04T15:52:46Z,i84wb_feeder,709,610,849,15,10021,ok
2026-09-04T15:52:46Z,powell_wb,777,618,795,0,7125,ok
2026-09-04T15:52:46Z,ctrl_west,1692,1493,1682,0,31189,ok
2026-09-04T15:52:46Z,ctrl_se,1186,998,1204,0,12385,ok
2026-09-04T16:52:09Z,i5sb_span,1191,881,1159,208,13967,ok
2026-09-04T16:52:09Z,vanc_pdx,1022,770,1045,137,13379,ok
2026-09-04T16:52:09Z,i5sb_detour,753,570,757,75,9303,ok
2026-09-04T16:52:09Z,interstate_sb,990,853,995,0,6162,ok
2026-09-04T16:52:09Z,williams_nb,867,810,876,0,8210,ok
2026-09-04T16:52:09Z,mlk_sb,975,674,956,208,14269,ok
2026-09-04T16:52:09Z,grand_nb,683,607,725,0,9773,ok
2026-09-04T16:52:09Z,i205_sb,580,540,628,0,11198,ok
2026-09-04T16:52:09Z,i84wb_feeder,808,610,846,110,10021,ok
2026-09-04T16:52:09Z,powell_wb,776,618,788,0,7125,ok
2026-09-04T16:52:09Z,ctrl_west,1663,1493,1654,0,31189,ok
2026-09-04T16:52:09Z,ctrl_se,1193,998,1201,0,12385,ok
2026-09-04T17:33:26Z,i5sb_span,1094,881,1203,99,13967,ok
2026-09-04T17:33:26Z,vanc_pdx,905,770,1097,7,13379,ok
2026-09-04T17:33:26Z,i5sb_detour,696,570,774,7,9303,ok
2026-09-04T17:33:26Z,interstate_sb,894,785,938,0,6507,ok
2026-09-04T17:33:26Z,williams_nb,855,810,881,0,8210,ok
2026-09-04T17:33:26Z,mlk_sb,896,674,1001,134,14269,ok
2026-09-04T17:33:26Z,grand_nb,719,607,740,27,9773,ok
2026-09-04T17:33:26Z,i205_sb,782,540,655,232,11198,ok
2026-09-04T17:33:26Z,i84wb_feeder,883,610,864,198,10021,ok
2026-09-04T17:33:26Z,powell_wb,780,618,798,0,7125,ok
2026-09-04T17:33:26Z,ctrl_west,1632,1493,1660,0,31189,ok
2026-09-04T17:33:26Z,ctrl_se,1196,998,1216,0,12385,ok
2026-09-04T18:52:09Z,i5sb_span,1170,881,1286,140,13967,ok
2026-09-04T18:52:09Z,vanc_pdx,940,770,1188,0,13379,ok
2026-09-04T18:52:09Z,i5sb_detour,681,570,838,0,9303,ok
2026-09-04T18:52:09Z,interstate_sb,822,722,955,0,7455,ok
2026-09-04T18:52:09Z,williams_nb,878,810,907,0,8210,ok
2026-09-04T18:52:09Z,mlk_sb,814,674,1081,0,14269,ok
2026-09-04T18:52:09Z,grand_nb,708,620,762,0,10863,ok
2026-09-04T18:52:09Z,i205_sb,641,540,724,23,11198,ok
2026-09-04T18:52:09Z,i84wb_feeder,966,610,899,273,10021,ok
2026-09-04T18:52:09Z,powell_wb,810,618,826,0,7125,ok
2026-09-04T18:52:09Z,ctrl_west,1640,1493,1676,0,31189,ok
2026-09-04T18:52:09Z,ctrl_se,1231,998,1250,0,12385,ok
2026-09-04T19:50:04Z,i5sb_span,1242,881,1299,150,13967,ok
2026-09-04T19:50:04Z,vanc_pdx,1084,770,1201,129,13379,ok
2026-09-04T19:50:04Z,i5sb_detour,858,570,861,144,9303,ok
2026-09-04T19:50:04Z,interstate_sb,940,785,947,36,6507,ok
2026-09-04T19:50:04Z,williams_nb,1003,843,1016,0,6185,ok
2026-09-04T19:50:04Z,mlk_sb,1016,674,1092,150,14269,ok
2026-09-04T19:50:04Z,grand_nb,945,702,964,0,7151,ok
2026-09-04T19:50:04Z,i205_sb,976,540,749,334,11198,ok
2026-09-04T19:50:04Z,i84wb_feeder,1013,610,884,330,10021,ok
2026-09-04T19:50:04Z,powell_wb,807,618,822,0,7125,ok
2026-09-04T19:50:04Z,ctrl_west,1685,1493,1680,31,31189,ok
2026-09-04T19:50:04Z,ctrl_se,1333,1103,1351,0,13207,ok
2026-09-04T20:52:09Z,i5sb_span,1414,881,1336,375,13967,ok
2026-09-04T20:52:09Z,vanc_pdx,1240,770,1227,305,13379,ok
2026-09-04T20:52:09Z,i5sb_detour,947,572,892,275,10425,ok
2026-09-04T20:52:09Z,interstate_sb,966,785,949,64,6507,ok
2026-09-04T20:52:09Z,williams_nb,1037,843,1037,0,6185,ok
2026-09-04T20:52:09Z,mlk_sb,1232,674,1128,427,14269,ok
2026-09-04T20:52:09Z,grand_nb,996,702,1000,0,7151,ok
2026-09-04T20:52:09Z,i205_sb,811,540,788,175,11198,ok
2026-09-04T20:52:09Z,i84wb_feeder,1007,610,901,308,10021,ok
2026-09-04T20:52:09Z,powell_wb,834,618,836,0,7125,ok
2026-09-04T20:52:09Z,ctrl_west,1814,1493,1716,123,31189,ok
2026-09-04T20:52:09Z,ctrl_se,1380,1103,1377,0,13207,ok
2026-09-04T22:18:26Z,i5sb_span,2053,1323,1883,197,14034,ok
2026-09-04T22:18:26Z,vanc_pdx,1814,1219,1658,293,14755,ok
2026-09-04T22:18:26Z,i5sb_detour,1452,1016,1354,212,9614,ok
2026-09-04T22:18:26Z,interstate_sb,1095,948,1064,0,7545,ok
2026-09-04T22:18:26Z,williams_nb,1138,890,1104,0,7308,ok
2026-09-04T22:18:26Z,mlk_sb,1486,944,1359,108,10023,ok
2026-09-04T22:18:26Z,grand_nb,1177,702,1136,0,7151,ok
2026-09-04T22:18:26Z,i205_sb,1192,540,916,590,11198,ok
2026-09-04T22:18:26Z,i84wb_feeder,1246,610,970,499,10021,ok
2026-09-04T22:18:26Z,powell_wb,902,618,877,0,7125,ok
2026-09-04T22:18:26Z,ctrl_west,2037,1493,1876,281,31189,ok
2026-09-04T22:18:26Z,ctrl_se,1409,998,1368,0,12385,ok
2026-09-04T23:36:05Z,i5sb_span,1528,881,1468,394,13967,ok
2026-09-04T23:36:05Z,vanc_pdx,1396,836,1371,300,13302,ok
2026-09-04T23:36:05Z,i5sb_detour,1201,572,1019,512,10425,ok
2026-09-04T23:36:05Z,interstate_sb,1029,785,976,80,6507,ok
2026-09-04T23:36:05Z,williams_nb,1183,843,1156,0,6185,ok
2026-09-04T23:36:05Z,mlk_sb,1342,736,1241,394,12713,ok
2026-09-04T23:36:05Z,grand_nb,1368,872,1328,0,7995,ok
2026-09-04T23:36:05Z,i205_sb,1303,540,904,705,11198,ok
2026-09-04T23:36:05Z,i84wb_feeder,1361,917,1319,0,7890,ok
2026-09-04T23:36:05Z,powell_wb,923,618,900,0,7125,ok
2026-09-04T23:36:05Z,ctrl_west,2174,1683,2132,0,29568,ok
2026-09-04T23:36:05Z,ctrl_se,1453,998,1418,75,12385,ok
2026-09-05T00:11:36Z,i5sb_span,1346,881,1367,271,13967,ok
2026-09-05T00:11:36Z,vanc_pdx,1185,770,1226,248,13379,ok
2026-09-05T00:11:36Z,i5sb_detour,1035,662,1011,248,8309,ok
2026-09-05T00:11:36Z,interstate_sb,967,793,983,28,6625,ok
2026-09-05T00:11:36Z,williams_nb,1105,890,1114,0,7308,ok
2026-09-05T00:11:36Z,mlk_sb,1175,736,1162,271,12713,ok
2026-09-05T00:11:36Z,grand_nb,1153,702,1189,0,7151,ok
2026-09-05T00:11:36Z,i205_sb,863,540,828,262,11198,ok
2026-09-05T00:11:36Z,i84wb_feeder,912,610,1020,110,10021,ok
2026-09-05T00:11:36Z,powell_wb,871,618,886,0,7125,ok
2026-09-05T00:11:36Z,ctrl_west,2285,1683,2105,218,29568,ok
2026-09-05T00:11:36Z,ctrl_se,1392,1129,1397,0,13398,ok
2026-09-05T01:52:09Z,i5sb_span,1006,881,1067,77,13967,ok
2026-09-05T01:52:09Z,vanc_pdx,896,770,988,44,13379,ok
2026-09-05T01:52:09Z,i5sb_detour,680,572,716,77,10425,ok
2026-09-05T01:52:09Z,interstate_sb,845,729,895,41,7573,ok
2026-09-05T01:52:09Z,williams_nb,861,810,1006,0,8210,ok
2026-09-05T01:52:09Z,mlk_sb,817,674,887,77,14269,ok
2026-09-05T01:52:09Z,grand_nb,698,607,866,0,9773,ok
2026-09-05T01:52:09Z,i205_sb,556,540,627,0,11198,ok
2026-09-05T01:52:09Z,i84wb_feeder,840,610,869,127,10021,ok
2026-09-05T01:52:09Z,powell_wb,758,618,782,0,7125,ok
2026-09-05T01:52:09Z,ctrl_west,1636,1493,1666,0,31189,ok
2026-09-05T01:52:09Z,ctrl_se,1181,998,1216,0,12385,ok
2026-09-05T02:52:11Z,i5sb_span,907,881,988,0,13967,ok
2026-09-05T02:52:11Z,vanc_pdx,823,770,905,0,13379,ok
2026-09-05T02:52:11Z,i5sb_detour,587,572,651,0,10425,ok
2026-09-05T02:52:11Z,interstate_sb,775,729,827,0,7573,ok
2026-09-05T02:52:11Z,williams_nb,847,810,897,0,8210,ok
2026-09-05T02:52:11Z,mlk_sb,703,674,788,0,14269,ok
2026-09-05T02:52:11Z,grand_nb,654,607,715,0,9773,ok
2026-09-05T02:52:11Z,i205_sb,549,540,587,0,11198,ok
2026-09-05T02:52:11Z,i84wb_feeder,660,610,747,0,10021,ok
2026-09-05T02:52:11Z,powell_wb,708,618,725,0,7125,ok
2026-09-05T02:52:11Z,ctrl_west,1572,1493,1586,0,31189,ok
2026-09-05T02:52:11Z,ctrl_se,1105,998,1128,0,12385,ok
2026-09-05T03:52:10Z,i5sb_span,939,910,975,0,14300,ok
2026-09-05T03:52:10Z,vanc_pdx,808,770,849,0,13379,ok
2026-09-05T03:52:10Z,i5sb_detour,596,572,619,0,10425,ok
2026-09-05T03:52:10Z,interstate_sb,766,729,786,0,7573,ok
2026-09-05T03:52:10Z,williams_nb,838,810,856,0,8210,ok
2026-09-05T03:52:10Z,mlk_sb,701,674,737,0,14269,ok
2026-09-05T03:52:10Z,grand_nb,634,607,659,0,9773,ok
2026-09-05T03:52:10Z,i205_sb,547,540,570,0,11198,ok
2026-09-05T03:52:10Z,i84wb_feeder,634,610,673,0,10021,ok
2026-09-05T03:52:10Z,powell_wb,678,618,681,0,7125,ok
2026-09-05T03:52:10Z,ctrl_west,1558,1493,1550,0,31189,ok
2026-09-05T03:52:10Z,ctrl_se,1067,998,1070,0,12385,ok
2026-09-05T04:39:29Z,i5sb_span,926,910,926,0,14300,ok
2026-09-05T04:39:29Z,vanc_pdx,788,770,788,0,13379,ok
2026-09-05T04:39:29Z,i5sb_detour,581,572,585,0,10425,ok
2026-09-05T04:39:29Z,interstate_sb,750,729,744,0,7573,ok
2026-09-05T04:39:29Z,williams_nb,831,810,820,0,8210,ok
2026-09-05T04:39:29Z,mlk_sb,688,674,689,0,14269,ok
2026-09-05T04:39:29Z,grand_nb,623,607,620,0,9773,ok
2026-09-05T04:39:29Z,i205_sb,558,540,549,0,11198,ok
2026-09-05T04:39:29Z,i84wb_feeder,631,610,625,0,10021,ok
2026-09-05T04:39:29Z,powell_wb,781,618,633,132,7125,ok
2026-09-05T04:39:29Z,ctrl_west,1526,1493,1505,0,31189,ok
2026-09-05T04:39:29Z,ctrl_se,1040,998,1012,0,12385,ok
2026-09-05T05:52:11Z,i5sb_span,932,910,910,0,14300,ok
2026-09-05T05:52:11Z,vanc_pdx,789,770,770,0,13379,ok
2026-09-05T05:52:11Z,i5sb_detour,584,572,572,0,10425,ok
2026-09-05T05:52:11Z,interstate_sb,753,729,729,0,7573,ok
2026-09-05T05:52:11Z,williams_nb,838,810,810,0,8210,ok
2026-09-05T05:52:11Z,mlk_sb,693,674,674,0,14269,ok
2026-09-05T05:52:11Z,grand_nb,626,607,607,0,9773,ok
2026-09-05T05:52:11Z,i205_sb,548,540,540,0,11198,ok
2026-09-05T05:52:11Z,i84wb_feeder,624,610,610,0,10021,ok
2026-09-05T05:52:11Z,powell_wb,651,618,618,0,7125,ok
2026-09-05T05:52:11Z,ctrl_west,1532,1493,1493,0,31189,ok
2026-09-05T05:52:11Z,ctrl_se,1053,998,998,0,12385,ok
2026-09-05T06:52:10Z,i5sb_span,928,910,910,0,14300,ok
2026-09-05T06:52:10Z,vanc_pdx,787,770,770,0,13379,ok
2026-09-05T06:52:10Z,i5sb_detour,582,572,572,0,10425,ok
2026-09-05T06:52:10Z,interstate_sb,754,729,734,0,7573,ok
2026-09-05T06:52:10Z,williams_nb,833,810,810,0,8210,ok
2026-09-05T06:52:10Z,mlk_sb,690,674,674,0,14269,ok
2026-09-05T06:52:10Z,grand_nb,623,607,607,0,9773,ok
2026-09-05T06:52:10Z,i205_sb,548,540,540,0,11198,ok
2026-09-05T06:52:10Z,i84wb_feeder,622,610,610,0,10021,ok
2026-09-05T06:52:10Z,powell_wb,646,618,618,0,7125,ok
2026-09-05T06:52:10Z,ctrl_west,1532,1493,1493,0,31189,ok
2026-09-05T06:52:10Z,ctrl_se,1044,998,998,0,12385,ok
2026-09-05T07:52:09Z,i5sb_span,881,881,881,0,13967,ok
2026-09-05T07:52:09Z,vanc_pdx,772,770,770,0,13379,ok
2026-09-05T07:52:09Z,i5sb_detour,574,572,572,0,10425,ok
2026-09-05T07:52:09Z,interstate_sb,735,729,734,0,7573,ok
2026-09-05T07:52:09Z,williams_nb,810,810,810,0,8210,ok
2026-09-05T07:52:09Z,mlk_sb,674,674,674,0,14269,ok
2026-09-05T07:52:09Z,grand_nb,606,607,607,0,9773,ok
2026-09-05T07:52:09Z,i205_sb,540,540,540,0,11198,ok
2026-09-05T07:52:09Z,i84wb_feeder,609,610,610,0,10021,ok
2026-09-05T07:52:09Z,powell_wb,618,618,618,0,7125,ok
2026-09-05T07:52:09Z,ctrl_west,1478,1493,1493,0,31189,ok
2026-09-05T07:52:09Z,ctrl_se,998,998,998,0,12385,ok
2026-09-05T08:35:08Z,i5sb_span,871,881,881,0,13967,ok
2026-09-05T08:35:08Z,vanc_pdx,770,770,770,0,13379,ok
2026-09-05T08:35:08Z,i5sb_detour,569,572,572,0,10425,ok
2026-09-05T08:35:08Z,interstate_sb,726,729,734,0,7573,ok
2026-09-05T08:35:08Z,williams_nb,800,810,810,0,8210,ok
2026-09-05T08:35:08Z,mlk_sb,667,674,674,0,14269,ok
2026-09-05T08:35:08Z,grand_nb,600,607,607,0,9773,ok
2026-09-05T08:35:08Z,i205_sb,537,540,540,0,11198,ok
2026-09-05T08:35:08Z,i84wb_feeder,603,610,610,0,10021,ok
2026-09-05T08:35:08Z,powell_wb,607,618,618,0,7125,ok
2026-09-05T08:35:08Z,ctrl_west,1463,1493,1493,0,31189,ok
2026-09-05T08:35:08Z,ctrl_se,979,998,998,0,12385,ok
2026-09-05T09:52:10Z,i5sb_span,866,881,881,0,13967,ok
2026-09-05T09:52:10Z,vanc_pdx,762,770,770,0,13379,ok
2026-09-05T09:52:10Z,i5sb_detour,566,572,572,0,10425,ok
2026-09-05T09:52:10Z,interstate_sb,722,729,734,0,7573,ok
2026-09-05T09:52:10Z,williams_nb,796,810,810,0,8210,ok
2026-09-05T09:52:10Z,mlk_sb,663,674,674,0,14269,ok
2026-09-05T09:52:10Z,grand_nb,596,607,607,0,9773,ok
2026-09-05T09:52:10Z,i205_sb,536,540,540,0,11198,ok
2026-09-05T09:52:10Z,i84wb_feeder,601,610,610,0,10021,ok
2026-09-05T09:52:10Z,powell_wb,601,618,618,0,7125,ok
2026-09-05T09:52:10Z,ctrl_west,1455,1493,1493,0,31189,ok
2026-09-05T09:52:10Z,ctrl_se,970,998,998,0,12385,ok
2026-09-05T10:52:09Z,i5sb_span,869,881,884,0,13967,ok
2026-09-05T10:52:09Z,vanc_pdx,766,770,771,0,13379,ok
2026-09-05T10:52:09Z,i5sb_detour,567,572,573,0,10425,ok
2026-09-05T10:52:09Z,interstate_sb,723,729,735,0,7573,ok
2026-09-05T10:52:09Z,williams_nb,797,810,814,0,8210,ok
2026-09-05T10:52:09Z,mlk_sb,664,674,676,0,14269,ok
2026-09-05T10:52:09Z,grand_nb,597,607,608,0,9773,ok
2026-09-05T10:52:09Z,i205_sb,536,540,540,0,11198,ok
2026-09-05T10:52:09Z,i84wb_feeder,602,610,611,0,10021,ok
2026-09-05T10:52:09Z,powell_wb,602,618,619,0,7125,ok
2026-09-05T10:52:09Z,ctrl_west,1481,1493,1498,0,31189,ok
2026-09-05T10:52:09Z,ctrl_se,975,998,1003,0,12385,ok
2026-09-05T11:52:09Z,i5sb_span,866,881,891,0,13967,ok
2026-09-05T11:52:09Z,vanc_pdx,763,770,780,0,13379,ok
2026-09-05T11:52:09Z,i5sb_detour,567,572,580,0,10425,ok
2026-09-05T11:52:09Z,interstate_sb,721,729,740,0,7573,ok
2026-09-05T11:52:09Z,williams_nb,795,810,816,0,8210,ok
2026-09-05T11:52:09Z,mlk_sb,662,674,681,0,14269,ok
2026-09-05T11:52:09Z,grand_nb,597,607,613,0,9773,ok
2026-09-05T11:52:09Z,i205_sb,535,540,544,0,11198,ok
2026-09-05T11:52:09Z,i84wb_feeder,601,610,617,0,10021,ok
2026-09-05T11:52:09Z,powell_wb,602,618,625,0,7125,ok
2026-09-05T11:52:09Z,ctrl_west,1471,1493,1503,0,31189,ok
2026-09-05T11:52:09Z,ctrl_se,971,998,1008,0,12385,ok
2026-09-05T12:01:48Z,i5sb_span,867,881,891,0,13967,ok
2026-09-05T12:01:48Z,vanc_pdx,764,770,780,0,13379,ok
2026-09-05T12:01:48Z,i5sb_detour,568,572,580,0,10425,ok
2026-09-05T12:01:48Z,interstate_sb,721,729,740,0,7573,ok
2026-09-05T12:01:48Z,williams_nb,795,810,816,0,8210,ok
2026-09-05T12:01:48Z,mlk_sb,662,674,682,0,14269,ok
2026-09-05T12:01:48Z,grand_nb,597,607,614,0,9773,ok
2026-09-05T12:01:48Z,i205_sb,535,540,545,0,11198,ok
2026-09-05T12:01:48Z,i84wb_feeder,601,610,617,0,10021,ok
2026-09-05T12:01:48Z,powell_wb,603,618,625,0,7125,ok
2026-09-05T12:01:48Z,ctrl_west,1472,1493,1505,0,31189,ok
2026-09-05T12:01:48Z,ctrl_se,971,998,1009,0,12385,ok
2026-09-05T13:52:09Z,i5sb_span,907,910,930,0,14300,ok
2026-09-05T13:52:09Z,vanc_pdx,772,770,792,0,13379,ok
2026-09-05T13:52:09Z,i5sb_detour,573,572,587,0,10425,ok
2026-09-05T13:52:09Z,interstate_sb,737,729,754,0,7573,ok
2026-09-05T13:52:09Z,williams_nb,811,810,829,0,8210,ok
2026-09-05T13:52:09Z,mlk_sb,667,674,689,0,14269,ok
2026-09-05T13:52:09Z,grand_nb,606,607,620,0,9773,ok
2026-09-05T13:52:09Z,i205_sb,537,540,547,0,11198,ok
2026-09-05T13:52:09Z,i84wb_feeder,609,610,627,0,10021,ok
2026-09-05T13:52:09Z,powell_wb,620,618,637,0,7125,ok
2026-09-05T13:52:09Z,ctrl_west,1499,1493,1518,0,31189,ok
2026-09-05T13:52:09Z,ctrl_se,1000,998,1029,0,12385,ok
2026-09-05T14:52:08Z,i5sb_span,917,910,952,0,14300,ok
2026-09-05T14:52:08Z,vanc_pdx,785,770,820,0,13379,ok
2026-09-05T14:52:08Z,i5sb_detour,582,572,606,0,10425,ok
2026-09-05T14:52:08Z,interstate_sb,751,729,771,0,7573,ok
2026-09-05T14:52:08Z,williams_nb,830,810,847,0,8210,ok
2026-09-05T14:52:08Z,mlk_sb,675,674,708,0,14269,ok
2026-09-05T14:52:08Z,grand_nb,616,607,631,0,9773,ok
2026-09-05T14:52:08Z,i205_sb,540,540,554,0,11198,ok
2026-09-05T14:52:08Z,i84wb_feeder,625,610,653,0,10021,ok
2026-09-05T14:52:08Z,powell_wb,652,618,663,0,7125,ok
2026-09-05T14:52:08Z,ctrl_west,1524,1493,1547,0,31189,ok
2026-09-05T14:52:08Z,ctrl_se,1058,998,1076,0,12385,ok
2026-09-05T15:03:57Z,i5sb_span,918,910,958,0,14300,ok
2026-09-05T15:03:57Z,vanc_pdx,787,770,828,0,13379,ok
2026-09-05T15:03:57Z,i5sb_detour,584,572,613,0,10425,ok
2026-09-05T15:03:57Z,interstate_sb,748,729,773,0,7573,ok
2026-09-05T15:03:57Z,williams_nb,827,810,848,0,8210,ok
2026-09-05T15:03:57Z,mlk_sb,676,674,714,0,14269,ok
2026-09-05T15:03:57Z,grand_nb,616,607,634,0,9773,ok
2026-09-05T15:03:57Z,i205_sb,540,540,554,0,11198,ok
2026-09-05T15:03:57Z,i84wb_feeder,623,610,657,0,10021,ok
2026-09-05T15:03:57Z,powell_wb,653,618,670,0,7125,ok
2026-09-05T15:03:57Z,ctrl_west,1532,1493,1552,0,31189,ok
2026-09-05T15:03:57Z,ctrl_se,1055,998,1084,0,12385,ok
2026-09-05T16:52:08Z,i5sb_span,924,881,1048,0,13967,ok
2026-09-05T16:52:08Z,vanc_pdx,845,770,989,0,13379,ok
2026-09-05T16:52:08Z,i5sb_detour,616,572,699,0,10425,ok
2026-09-05T16:52:08Z,interstate_sb,761,729,830,0,7573,ok
2026-09-05T16:52:08Z,williams_nb,833,810,851,0,8210,ok
2026-09-05T16:52:08Z,mlk_sb,707,674,839,0,14269,ok
2026-09-05T16:52:08Z,grand_nb,636,607,660,0,9773,ok
2026-09-05T16:52:08Z,i205_sb,547,540,566,0,11198,ok
2026-09-05T16:52:08Z,i84wb_feeder,679,610,713,0,10021,ok
2026-09-05T16:52:08Z,powell_wb,721,618,739,0,7125,ok
2026-09-05T16:52:08Z,ctrl_west,1568,1493,1584,0,31189,ok
2026-09-05T16:52:08Z,ctrl_se,1129,998,1155,0,12385,ok
2026-09-05T17:16:22Z,i5sb_span,913,881,1086,0,13967,ok
2026-09-05T17:16:22Z,vanc_pdx,1138,770,1039,286,13379,ok
2026-09-05T17:16:22Z,i5sb_detour,603,572,722,0,10425,ok
2026-09-05T17:16:22Z,interstate_sb,758,729,851,0,7573,ok
2026-09-05T17:16:22Z,williams_nb,841,810,854,0,8210,ok
2026-09-05T17:16:22Z,mlk_sb,692,674,879,0,14269,ok
2026-09-05T17:16:22Z,grand_nb,643,607,667,0,9773,ok
2026-09-05T17:16:22Z,i205_sb,561,540,571,7,11198,ok
2026-09-05T17:16:22Z,i84wb_feeder,681,610,731,0,10021,ok
2026-09-05T17:16:22Z,powell_wb,744,618,753,0,7125,ok
2026-09-05T17:16:22Z,ctrl_west,1575,1493,1592,0,31189,ok
2026-09-05T17:16:22Z,ctrl_se,1162,998,1175,0,12385,ok
2026-09-05T18:52:07Z,i5sb_span,1305,881,1209,347,13967,ok
2026-09-05T18:52:07Z,vanc_pdx,1416,770,1204,500,13379,ok
2026-09-05T18:52:07Z,i5sb_detour,865,570,783,226,9303,ok
2026-09-05T18:52:07Z,interstate_sb,977,853,975,0,6162,ok
2026-09-05T18:52:07Z,williams_nb,856,810,867,0,8210,ok
2026-09-05T18:52:07Z,mlk_sb,1076,736,995,282,12713,ok
2026-09-05T18:52:07Z,grand_nb,687,607,703,0,9773,ok
2026-09-05T18:52:07Z,i205_sb,768,540,588,204,11198,ok
2026-09-05T18:52:07Z,i84wb_feeder,883,610,808,194,10021,ok
2026-09-05T18:52:07Z,powell_wb,798,618,811,0,7125,ok
2026-09-05T18:52:07Z,ctrl_west,1587,1493,1609,0,31189,ok
2026-09-05T18:52:07Z,ctrl_se,1309,1103,1318,0,13207,ok
2026-09-05T19:07:00Z,i5sb_span,1443,910,1271,458,14300,ok
2026-09-05T19:07:00Z,vanc_pdx,1353,770,1210,406,13379,ok
2026-09-05T19:07:00Z,i5sb_detour,876,570,791,233,9303,ok
2026-09-05T19:07:00Z,interstate_sb,977,853,976,0,6162,ok
2026-09-05T19:07:00Z,williams_nb,859,810,867,0,8210,ok
2026-09-05T19:07:00Z,mlk_sb,1160,1029,1155,0,10639,ok
2026-09-05T19:07:00Z,grand_nb,684,607,707,0,9773,ok
2026-09-05T19:07:00Z,i205_sb,778,540,590,214,11198,ok
2026-09-05T19:07:00Z,i84wb_feeder,903,610,814,216,10021,ok
2026-09-05T19:07:00Z,powell_wb,802,618,813,0,7125,ok
2026-09-05T19:07:00Z,ctrl_west,1590,1493,1608,0,31189,ok
2026-09-05T19:07:00Z,ctrl_se,1227,998,1238,0,12385,ok
2026-09-05T20:52:07Z,i5sb_span,1202,881,1180,233,13967,ok
2026-09-05T20:52:07Z,vanc_pdx,1174,770,1174,249,13379,ok
2026-09-05T20:52:07Z,i5sb_detour,791,572,786,154,10425,ok
2026-09-05T20:52:07Z,interstate_sb,985,853,977,0,6162,ok
2026-09-05T20:52:07Z,williams_nb,865,810,871,0,8210,ok
2026-09-05T20:52:07Z,mlk_sb,970,674,972,233,14269,ok
2026-09-05T20:52:07Z,grand_nb,695,607,724,0,9773,ok
2026-09-05T20:52:07Z,i205_sb,719,540,593,159,11198,ok
2026-09-05T20:52:07Z,i84wb_feeder,873,610,832,190,10021,ok
2026-09-05T20:52:07Z,powell_wb,810,618,812,0,7125,ok
2026-09-05T20:52:07Z,ctrl_west,1640,1493,1615,25,31189,ok
2026-09-05T20:52:07Z,ctrl_se,1235,998,1234,0,12385,ok
2026-09-05T21:10:35Z,i5sb_span,1222,910,1226,233,14300,ok
2026-09-05T21:10:35Z,vanc_pdx,1127,770,1170,209,13379,ok
2026-09-05T21:10:35Z,i5sb_detour,795,572,782,169,10425,ok
2026-09-05T21:10:35Z,interstate_sb,987,853,979,0,6162,ok
2026-09-05T21:10:35Z,williams_nb,865,810,871,0,8210,ok
2026-09-05T21:10:35Z,mlk_sb,963,674,967,233,14269,ok
2026-09-05T21:10:35Z,grand_nb,690,607,728,0,9773,ok
2026-09-05T21:10:35Z,i205_sb,747,540,595,189,11198,ok
2026-09-05T21:10:35Z,i84wb_feeder,832,610,834,148,10021,ok
2026-09-05T21:10:35Z,powell_wb,811,618,813,0,7125,ok
2026-09-05T21:10:35Z,ctrl_west,1702,1493,1621,100,31189,ok
2026-09-05T21:10:35Z,ctrl_se,1323,1103,1318,0,13207,ok
2026-09-05T22:52:07Z,i5sb_span,1113,910,1179,106,14300,ok
2026-09-05T22:52:07Z,vanc_pdx,997,770,1128,81,13379,ok
2026-09-05T22:52:07Z,i5sb_detour,726,570,757,81,9303,ok
2026-09-05T22:52:07Z,interstate_sb,888,729,887,83,7573,ok
2026-09-05T22:52:07Z,williams_nb,870,810,882,0,8210,ok
2026-09-05T22:52:07Z,mlk_sb,855,674,920,106,14269,ok
2026-09-05T22:52:07Z,grand_nb,705,607,755,0,9773,ok
2026-09-05T22:52:07Z,i205_sb,556,540,591,0,11198,ok
2026-09-05T22:52:07Z,i84wb_feeder,695,610,854,0,10021,ok
2026-09-05T22:52:07Z,powell_wb,812,618,821,0,7125,ok
2026-09-05T22:52:07Z,ctrl_west,1635,1493,1681,0,31189,ok
2026-09-05T22:52:07Z,ctrl_se,1228,998,1236,0,12385,ok
2026-09-05T23:52:07Z,i5sb_span,1122,910,1138,117,14300,ok
2026-09-05T23:52:07Z,vanc_pdx,989,770,1086,78,13379,ok
2026-09-05T23:52:07Z,i5sb_detour,696,570,734,64,9303,ok
2026-09-05T23:52:07Z,interstate_sb,894,729,878,82,7573,ok
2026-09-05T23:52:07Z,williams_nb,866,810,888,0,8210,ok
2026-09-05T23:52:07Z,mlk_sb,866,674,882,117,14269,ok
2026-09-05T23:52:07Z,grand_nb,704,607,755,0,9773,ok
2026-09-05T23:52:07Z,i205_sb,552,540,588,0,11198,ok
2026-09-05T23:52:07Z,i84wb_feeder,840,610,841,154,10021,ok
2026-09-05T23:52:07Z,powell_wb,792,618,813,0,7125,ok
2026-09-05T23:52:07Z,ctrl_west,1659,1493,1690,16,31189,ok
2026-09-05T23:52:07Z,ctrl_se,1292,1103,1316,0,13207,ok
2026-09-06T00:49:16Z,i5sb_span,970,910,1083,0,14300,ok
2026-09-06T00:49:16Z,vanc_pdx,898,770,1029,0,13379,ok
2026-09-06T00:49:16Z,i5sb_detour,614,572,695,0,10425,ok
2026-09-06T00:49:16Z,interstate_sb,803,729,863,0,7573,ok
2026-09-06T00:49:16Z,williams_nb,868,810,886,0,8210,ok
2026-09-06T00:49:16Z,mlk_sb,719,674,832,0,14269,ok
2026-09-06T00:49:16Z,grand_nb,684,607,732,0,9773,ok
2026-09-06T00:49:16Z,i205_sb,550,540,581,0,11198,ok
2026-09-06T00:49:16Z,i84wb_feeder,944,610,805,261,10021,ok
2026-09-06T00:49:16Z,powell_wb,774,618,791,0,7125,ok
2026-09-06T00:49:16Z,ctrl_west,1613,1493,1660,0,31189,ok
2026-09-06T00:49:16Z,ctrl_se,1179,998,1198,0,12385,ok
2026-09-06T01:52:11Z,i5sb_span,942,910,1027,0,14300,ok
2026-09-06T01:52:11Z,vanc_pdx,868,770,958,0,13379,ok
2026-09-06T01:52:11Z,i5sb_detour,594,572,657,0,10425,ok
2026-09-06T01:52:11Z,interstate_sb,782,729,828,0,7573,ok
2026-09-06T01:52:11Z,williams_nb,855,810,869,0,8210,ok
2026-09-06T01:52:11Z,mlk_sb,696,674,781,0,14269,ok
2026-09-06T01:52:11Z,grand_nb,666,607,691,0,9773,ok
2026-09-06T01:52:11Z,i205_sb,547,540,567,0,11198,ok
2026-09-06T01:52:11Z,i84wb_feeder,750,610,748,71,10021,ok
2026-09-06T01:52:11Z,powell_wb,742,618,753,0,7125,ok
2026-09-06T01:52:11Z,ctrl_west,1576,1493,1598,0,31189,ok
2026-09-06T01:52:11Z,ctrl_se,1137,998,1147,0,12385,ok
2026-09-06T02:52:09Z,i5sb_span,936,910,987,0,14300,ok
2026-09-06T02:52:09Z,vanc_pdx,838,770,892,0,13379,ok
2026-09-06T02:52:09Z,i5sb_detour,589,572,629,0,10425,ok
2026-09-06T02:52:09Z,interstate_sb,769,729,793,0,7573,ok
2026-09-06T02:52:09Z,williams_nb,850,810,851,0,8210,ok
2026-09-06T02:52:09Z,mlk_sb,693,674,744,0,14269,ok
2026-09-06T02:52:09Z,grand_nb,654,607,660,0,9773,ok
2026-09-06T02:52:09Z,i205_sb,546,540,559,0,11198,ok
2026-09-06T02:52:09Z,i84wb_feeder,662,610,697,0,10021,ok
2026-09-06T02:52:09Z,powell_wb,717,618,715,0,7125,ok
2026-09-06T02:52:09Z,ctrl_west,1544,1493,1557,0,31189,ok
2026-09-06T02:52:09Z,ctrl_se,1104,998,1098,0,12385,ok
2026-09-06T03:52:10Z,i5sb_span,933,910,958,0,14300,ok
2026-09-06T03:52:10Z,vanc_pdx,815,770,842,0,13379,ok
2026-09-06T03:52:10Z,i5sb_detour,588,572,609,0,10425,ok
2026-09-06T03:52:10Z,interstate_sb,761,729,769,0,7573,ok
2026-09-06T03:52:10Z,williams_nb,841,810,838,0,8210,ok
2026-09-06T03:52:10Z,mlk_sb,691,674,717,0,14269,ok
2026-09-06T03:52:10Z,grand_nb,643,607,642,0,9773,ok
2026-09-06T03:52:10Z,i205_sb,546,540,554,0,11198,ok
2026-09-06T03:52:10Z,i84wb_feeder,859,610,661,218,10021,ok
2026-09-06T03:52:10Z,powell_wb,689,618,678,0,7125,ok
2026-09-06T03:52:10Z,ctrl_west,1530,1493,1529,0,31189,ok
2026-09-06T03:52:10Z,ctrl_se,1079,998,1059,0,12385,ok
2026-09-06T04:52:10Z,i5sb_span,921,910,911,0,14300,ok
2026-09-06T04:52:10Z,vanc_pdx,782,770,772,0,13379,ok
2026-09-06T04:52:10Z,i5sb_detour,579,572,574,0,10425,ok
2026-09-06T04:52:10Z,interstate_sb,748,729,736,0,7573,ok
2026-09-06T04:52:10Z,williams_nb,824,810,810,0,8210,ok
2026-09-06T04:52:10Z,mlk_sb,683,674,675,0,14269,ok
2026-09-06T04:52:10Z,grand_nb,617,607,608,0,9773,ok
2026-09-06T04:52:10Z,i205_sb,546,540,541,0,11198,ok
2026-09-06T04:52:10Z,i84wb_feeder,619,610,611,0,10021,ok
2026-09-06T04:52:10Z,powell_wb,636,618,619,0,7125,ok
2026-09-06T04:52:10Z,ctrl_west,1518,1493,1494,0,31189,ok
2026-09-06T04:52:10Z,ctrl_se,1027,998,999,0,12385,ok
2026-09-06T05:47:42Z,i5sb_span,928,910,910,0,14300,ok
2026-09-06T05:47:42Z,vanc_pdx,785,770,770,0,13379,ok
2026-09-06T05:47:42Z,i5sb_detour,582,572,572,0,10425,ok
2026-09-06T05:47:42Z,interstate_sb,754,729,734,0,7573,ok
2026-09-06T05:47:42Z,williams_nb,833,810,810,0,8210,ok
2026-09-06T05:47:42Z,mlk_sb,690,674,674,0,14269,ok
2026-09-06T05:47:42Z,grand_nb,622,607,607,0,9773,ok
2026-09-06T05:47:42Z,i205_sb,547,540,540,0,11198,ok
2026-09-06T05:47:42Z,i84wb_feeder,622,610,610,0,10021,ok
2026-09-06T05:47:42Z,powell_wb,646,618,618,0,7125,ok
2026-09-06T05:47:42Z,ctrl_west,1517,1493,1493,0,31189,ok
2026-09-06T05:47:42Z,ctrl_se,1044,998,998,0,12385,ok
2026-09-06T06:52:08Z,i5sb_span,932,910,910,0,14300,ok
2026-09-06T06:52:08Z,vanc_pdx,788,770,770,0,13379,ok
2026-09-06T06:52:08Z,i5sb_detour,584,572,572,0,10425,ok
2026-09-06T06:52:08Z,interstate_sb,758,729,734,0,7573,ok
2026-09-06T06:52:08Z,williams_nb,838,810,810,0,8210,ok
2026-09-06T06:52:08Z,mlk_sb,693,674,674,0,14269,ok
2026-09-06T06:52:08Z,grand_nb,626,607,607,0,9773,ok
2026-09-06T06:52:08Z,i205_sb,548,540,540,0,11198,ok
2026-09-06T06:52:08Z,i84wb_feeder,625,610,610,0,10021,ok
2026-09-06T06:52:08Z,powell_wb,651,618,618,0,7125,ok
2026-09-06T06:52:08Z,ctrl_west,1517,1493,1493,0,31189,ok
2026-09-06T06:52:08Z,ctrl_se,1053,998,998,0,12385,ok
2026-09-06T07:52:10Z,i5sb_span,880,881,881,0,13967,ok
2026-09-06T07:52:10Z,vanc_pdx,775,770,770,0,13379,ok
2026-09-06T07:52:10Z,i5sb_detour,572,572,572,0,10425,ok
2026-09-06T07:52:10Z,interstate_sb,734,729,734,0,7573,ok
2026-09-06T07:52:10Z,williams_nb,810,810,810,0,8210,ok
2026-09-06T07:52:10Z,mlk_sb,672,674,674,0,14269,ok
2026-09-06T07:52:10Z,grand_nb,606,607,607,0,9773,ok
2026-09-06T07:52:10Z,i205_sb,540,540,540,0,11198,ok
2026-09-06T07:52:10Z,i84wb_feeder,609,610,610,0,10021,ok
2026-09-06T07:52:10Z,powell_wb,618,618,618,0,7125,ok
2026-09-06T07:52:10Z,ctrl_west,1471,1493,1493,0,31189,ok
2026-09-06T07:52:10Z,ctrl_se,998,998,998,0,12385,ok
2026-09-06T08:52:14Z,i5sb_span,876,881,881,0,13967,ok
2026-09-06T08:52:14Z,vanc_pdx,768,770,770,0,13379,ok
2026-09-06T08:52:14Z,i5sb_detour,577,572,572,0,10425,ok
2026-09-06T08:52:14Z,interstate_sb,730,729,734,0,7573,ok
2026-09-06T08:52:14Z,williams_nb,805,810,810,0,8210,ok
2026-09-06T08:52:14Z,mlk_sb,670,674,674,0,14269,ok
2026-09-06T08:52:14Z,grand_nb,603,607,607,0,9773,ok
2026-09-06T08:52:14Z,i205_sb,538,540,540,0,11198,ok
2026-09-06T08:52:14Z,i84wb_feeder,606,610,610,0,10021,ok
2026-09-06T08:52:14Z,powell_wb,612,618,618,0,7125,ok
2026-09-06T08:52:14Z,ctrl_west,1463,1493,1493,0,31189,ok
2026-09-06T08:52:14Z,ctrl_se,988,998,998,0,12385,ok
2026-09-06T09:52:14Z,i5sb_span,866,881,881,0,13967,ok
2026-09-06T09:52:14Z,vanc_pdx,762,770,770,0,13379,ok
2026-09-06T09:52:14Z,i5sb_detour,566,572,572,0,10425,ok
2026-09-06T09:52:14Z,interstate_sb,722,729,734,0,7573,ok
2026-09-06T09:52:14Z,williams_nb,796,810,810,0,8210,ok
2026-09-06T09:52:14Z,mlk_sb,663,674,674,0,14269,ok
2026-09-06T09:52:14Z,grand_nb,596,607,607,0,9773,ok
2026-09-06T09:52:14Z,i205_sb,536,540,540,0,11198,ok
2026-09-06T09:52:14Z,i84wb_feeder,601,610,610,0,10021,ok
2026-09-06T09:52:14Z,powell_wb,601,618,618,0,7125,ok
2026-09-06T09:52:14Z,ctrl_west,1463,1493,1493,0,31189,ok
2026-09-06T09:52:14Z,ctrl_se,970,998,998,0,12385,ok
2026-09-06T10:48:06Z,i5sb_span,863,881,882,0,13967,ok
2026-09-06T10:48:06Z,vanc_pdx,760,770,770,0,13379,ok
2026-09-06T10:48:06Z,i5sb_detour,564,572,572,0,10425,ok
2026-09-06T10:48:06Z,interstate_sb,718,729,734,0,7573,ok
2026-09-06T10:48:06Z,williams_nb,792,810,811,0,8210,ok
2026-09-06T10:48:06Z,mlk_sb,660,674,674,0,14269,ok
2026-09-06T10:48:06Z,grand_nb,593,607,607,0,9773,ok
2026-09-06T10:48:06Z,i205_sb,534,540,540,0,11198,ok
2026-09-06T10:48:06Z,i84wb_feeder,598,610,610,0,10021,ok
2026-09-06T10:48:06Z,powell_wb,596,618,618,0,7125,ok
2026-09-06T10:48:06Z,ctrl_west,1458,1493,1495,0,31189,ok
2026-09-06T10:48:06Z,ctrl_se,963,998,1000,0,12385,ok
2026-09-06T11:52:09Z,i5sb_span,866,881,889,0,13967,ok
2026-09-06T11:52:09Z,vanc_pdx,762,770,778,0,13379,ok
2026-09-06T11:52:09Z,i5sb_detour,567,572,578,0,10425,ok
2026-09-06T11:52:09Z,interstate_sb,721,729,739,0,7573,ok
2026-09-06T11:52:09Z,williams_nb,795,810,817,0,8210,ok
2026-09-06T11:52:09Z,mlk_sb,662,674,680,0,14269,ok
2026-09-06T11:52:09Z,grand_nb,597,607,613,0,9773,ok
2026-09-06T11:52:09Z,i205_sb,535,540,543,0,11198,ok
2026-09-06T11:52:09Z,i84wb_feeder,600,610,616,0,10021,ok
2026-09-06T11:52:09Z,powell_wb,602,618,625,0,7125,ok
2026-09-06T11:52:09Z,ctrl_west,1453,1493,1499,0,31189,ok
2026-09-06T11:52:09Z,ctrl_se,970,998,1007,0,12385,ok
2026-09-06T12:52:09Z,i5sb_span,873,881,891,0,13967,ok
2026-09-06T12:52:09Z,vanc_pdx,765,770,779,0,13379,ok
2026-09-06T12:52:09Z,i5sb_detour,570,572,580,0,10425,ok
2026-09-06T12:52:09Z,interstate_sb,728,729,742,0,7573,ok
2026-09-06T12:52:09Z,williams_nb,801,810,818,0,8210,ok
2026-09-06T12:52:09Z,mlk_sb,665,674,681,0,14269,ok
2026-09-06T12:52:09Z,grand_nb,601,607,614,0,9773,ok
2026-09-06T12:52:09Z,i205_sb,537,540,544,0,11198,ok
2026-09-06T12:52:09Z,i84wb_feeder,603,610,617,0,10021,ok
2026-09-06T12:52:09Z,powell_wb,609,618,626,0,7125,ok
2026-09-06T12:52:09Z,ctrl_west,1460,1493,1500,0,31189,ok
2026-09-06T12:52:09Z,ctrl_se,981,998,1010,0,12385,ok
2026-09-06T13:52:08Z,i5sb_span,911,910,927,0,14300,ok
2026-09-06T13:52:08Z,vanc_pdx,771,770,784,0,13379,ok
2026-09-06T13:52:08Z,i5sb_detour,573,572,583,0,10425,ok
2026-09-06T13:52:08Z,interstate_sb,740,729,750,0,7573,ok
2026-09-06T13:52:08Z,williams_nb,812,810,825,0,8210,ok
2026-09-06T13:52:08Z,mlk_sb,669,674,684,0,14269,ok
2026-09-06T13:52:08Z,grand_nb,609,607,620,0,9773,ok
2026-09-06T13:52:08Z,i205_sb,539,540,545,0,11198,ok
2026-09-06T13:52:08Z,i84wb_feeder,610,610,621,0,10021,ok
2026-09-06T13:52:08Z,powell_wb,622,618,634,0,7125,ok
2026-09-06T13:52:08Z,ctrl_west,1473,1493,1505,0,31189,ok
2026-09-06T13:52:08Z,ctrl_se,1003,998,1022,0,12385,ok
2026-09-06T14:06:42Z,i5sb_span,913,910,931,0,14300,ok
2026-09-06T14:06:42Z,vanc_pdx,772,770,786,0,13379,ok
2026-09-06T14:06:42Z,i5sb_detour,574,572,586,0,10425,ok
2026-09-06T14:06:42Z,interstate_sb,728,722,740,0,7455,ok
2026-09-06T14:06:42Z,williams_nb,814,810,829,0,8210,ok
2026-09-06T14:06:42Z,mlk_sb,669,674,686,0,14269,ok
2026-09-06T14:06:42Z,grand_nb,610,607,622,0,9773,ok
2026-09-06T14:06:42Z,i205_sb,540,540,547,0,11198,ok
2026-09-06T14:06:42Z,i84wb_feeder,611,610,624,0,10021,ok
2026-09-06T14:06:42Z,powell_wb,626,618,637,0,7125,ok
2026-09-06T14:06:42Z,ctrl_west,1483,1493,1508,0,31189,ok
2026-09-06T14:06:42Z,ctrl_se,1009,998,1029,0,12385,ok
2026-09-06T15:52:08Z,i5sb_span,892,881,926,0,13967,ok
2026-09-06T15:52:08Z,vanc_pdx,785,770,811,0,13379,ok
2026-09-06T15:52:08Z,i5sb_detour,577,572,604,0,10425,ok
2026-09-06T15:52:08Z,interstate_sb,728,722,750,0,7455,ok
2026-09-06T15:52:08Z,williams_nb,823,810,843,0,8210,ok
2026-09-06T15:52:08Z,mlk_sb,671,674,702,0,14269,ok
2026-09-06T15:52:08Z,grand_nb,619,607,636,0,9773,ok
2026-09-06T15:52:08Z,i205_sb,541,540,548,0,11198,ok
2026-09-06T15:52:08Z,i84wb_feeder,622,610,643,0,10021,ok
2026-09-06T15:52:08Z,powell_wb,650,618,671,0,7125,ok
2026-09-06T15:52:08Z,ctrl_west,1505,1493,1531,0,31189,ok
2026-09-06T15:52:08Z,ctrl_se,1050,998,1078,0,12385,ok
2026-09-06T16:52:10Z,i5sb_span,915,881,945,0,13967,ok
2026-09-06T16:52:10Z,vanc_pdx,822,770,847,0,13379,ok
2026-09-06T16:52:10Z,i5sb_detour,602,572,625,0,10425,ok
2026-09-06T16:52:10Z,interstate_sb,751,722,768,0,7455,ok
2026-09-06T16:52:10Z,williams_nb,837,810,848,0,8210,ok
2026-09-06T16:52:10Z,mlk_sb,696,674,727,0,14269,ok
2026-09-06T16:52:10Z,grand_nb,633,607,648,0,9773,ok
2026-09-06T16:52:10Z,i205_sb,547,540,552,0,11198,ok
2026-09-06T16:52:10Z,i84wb_feeder,642,610,669,0,10021,ok
2026-09-06T16:52:10Z,powell_wb,694,618,702,0,7125,ok
2026-09-06T16:52:10Z,ctrl_west,1525,1493,1541,0,31189,ok
2026-09-06T16:52:10Z,ctrl_se,1105,998,1115,0,12385,ok
2026-09-06T17:52:08Z,i5sb_span,979,881,972,56,13967,ok
2026-09-06T17:52:08Z,vanc_pdx,939,770,884,54,13379,ok
2026-09-06T17:52:08Z,i5sb_detour,654,572,648,56,10425,ok
2026-09-06T17:52:08Z,interstate_sb,811,722,787,56,7455,ok
2026-09-06T17:52:08Z,williams_nb,847,810,856,0,8210,ok
2026-09-06T17:52:08Z,mlk_sb,762,674,754,56,14269,ok
2026-09-06T17:52:08Z,grand_nb,649,607,665,0,9773,ok
2026-09-06T17:52:08Z,i205_sb,566,540,557,0,11198,ok
2026-09-06T17:52:08Z,i84wb_feeder,692,610,700,0,10021,ok
2026-09-06T17:52:08Z,powell_wb,729,618,733,0,7125,ok
2026-09-06T17:52:08Z,ctrl_west,1545,1493,1553,0,31189,ok
2026-09-06T17:52:08Z,ctrl_se,1152,998,1155,0,12385,ok
2026-09-06T18:52:08Z,i5sb_span,1112,881,995,175,13967,ok
2026-09-06T18:52:08Z,vanc_pdx,1036,770,917,170,13379,ok
2026-09-06T18:52:08Z,i5sb_detour,736,572,667,117,10425,ok
2026-09-06T18:52:08Z,interstate_sb,956,853,959,0,6162,ok
2026-09-06T18:52:08Z,williams_nb,851,810,862,0,8210,ok
2026-09-06T18:52:08Z,mlk_sb,895,674,778,175,14269,ok
2026-09-06T18:52:08Z,grand_nb,654,607,681,0,9773,ok
2026-09-06T18:52:08Z,i205_sb,559,540,562,0,11198,ok
2026-09-06T18:52:08Z,i84wb_feeder,845,610,730,192,10021,ok
2026-09-06T18:52:08Z,powell_wb,745,618,758,0,7125,ok
2026-09-06T18:52:08Z,ctrl_west,1559,1493,1561,0,31189,ok
2026-09-06T18:52:08Z,ctrl_se,1168,998,1183,0,12385,ok
2026-09-06T19:03:27Z,i5sb_span,1107,881,996,172,13967,ok
2026-09-06T19:03:27Z,vanc_pdx,1093,770,919,226,13379,ok
2026-09-06T19:03:27Z,i5sb_detour,719,572,668,101,10425,ok
2026-09-06T19:03:27Z,interstate_sb,957,853,962,0,6162,ok
2026-09-06T19:03:27Z,williams_nb,850,810,863,0,8210,ok
2026-09-06T19:03:27Z,mlk_sb,891,674,780,172,14269,ok
2026-09-06T19:03:27Z,grand_nb,655,607,683,0,9773,ok
2026-09-06T19:03:27Z,i205_sb,556,540,563,0,11198,ok
2026-09-06T19:03:27Z,i84wb_feeder,779,610,733,119,10021,ok
2026-09-06T19:03:27Z,powell_wb,747,618,760,0,7125,ok
2026-09-06T19:03:27Z,ctrl_west,1564,1493,1561,0,31189,ok
2026-09-06T19:03:27Z,ctrl_se,1170,998,1184,0,12385,ok
2026-09-06T20:52:08Z,i5sb_span,968,881,997,0,13967,ok
2026-09-06T20:52:08Z,vanc_pdx,913,770,920,0,13379,ok
2026-09-06T20:52:08Z,i5sb_detour,641,572,667,0,10425,ok
2026-09-06T20:52:08Z,interstate_sb,794,722,804,0,7455,ok
2026-09-06T20:52:08Z,williams_nb,864,810,866,0,8210,ok
2026-09-06T20:52:08Z,mlk_sb,753,674,783,0,14269,ok
2026-09-06T20:52:08Z,grand_nb,672,607,699,0,9773,ok
2026-09-06T20:52:08Z,i205_sb,683,540,568,117,11198,ok
2026-09-06T20:52:08Z,i84wb_feeder,768,610,749,90,10021,ok
2026-09-06T20:52:08Z,powell_wb,763,618,760,0,7125,ok
2026-09-06T20:52:08Z,ctrl_west,1572,1493,1565,0,31189,ok
2026-09-06T20:52:08Z,ctrl_se,1293,1103,1280,0,13207,ok
2026-09-06T21:14:09Z,i5sb_span,979,881,997,36,13967,ok
2026-09-06T21:14:09Z,vanc_pdx,941,770,920,67,13379,ok
2026-09-06T21:14:09Z,i5sb_detour,658,572,665,36,10425,ok
2026-09-06T21:14:09Z,interstate_sb,814,722,804,36,7455,ok
2026-09-06T21:14:09Z,williams_nb,859,810,868,0,8210,ok
2026-09-06T21:14:09Z,mlk_sb,761,674,784,36,14269,ok
2026-09-06T21:14:09Z,grand_nb,673,607,704,0,9773,ok
2026-09-06T21:14:09Z,i205_sb,562,540,570,0,11198,ok
2026-09-06T21:14:09Z,i84wb_feeder,753,610,751,89,10021,ok
2026-09-06T21:14:09Z,powell_wb,763,618,761,0,7125,ok
2026-09-06T21:14:09Z,ctrl_west,1570,1493,1568,0,31189,ok
2026-09-06T21:14:09Z,ctrl_se,1193,998,1186,0,12385,ok
2026-09-06T22:52:09Z,i5sb_span,928,881,988,0,13967,ok
2026-09-06T22:52:09Z,vanc_pdx,838,770,905,0,13379,ok
2026-09-06T22:52:09Z,i5sb_detour,610,572,661,0,10425,ok
2026-09-06T22:52:09Z,interstate_sb,782,729,823,0,7573,ok
2026-09-06T22:52:09Z,williams_nb,858,810,877,0,8210,ok
2026-09-06T22:52:09Z,mlk_sb,713,674,775,0,14269,ok
2026-09-06T22:52:09Z,grand_nb,712,620,711,58,10863,ok
2026-09-06T22:52:09Z,i205_sb,560,540,571,0,11198,ok
2026-09-06T22:52:09Z,i84wb_feeder,685,610,761,6,10021,ok
2026-09-06T22:52:09Z,powell_wb,750,618,761,0,7125,ok
2026-09-06T22:52:09Z,ctrl_west,1589,1493,1592,0,31189,ok
2026-09-06T22:52:09Z,ctrl_se,1308,1079,1334,0,12916,ok
2026-09-06T23:52:08Z,i5sb_span,919,881,980,0,13967,ok
2026-09-06T23:52:08Z,vanc_pdx,830,770,892,0,13379,ok
2026-09-06T23:52:08Z,i5sb_detour,600,572,656,0,10425,ok
2026-09-06T23:52:08Z,interstate_sb,792,729,829,0,7573,ok
2026-09-06T23:52:08Z,williams_nb,859,810,884,0,8210,ok
2026-09-06T23:52:08Z,mlk_sb,702,674,765,0,14269,ok
2026-09-06T23:52:08Z,grand_nb,647,620,702,0,10863,ok
2026-09-06T23:52:08Z,i205_sb,559,540,573,0,11198,ok
2026-09-06T23:52:08Z,i84wb_feeder,758,610,764,70,10021,ok
2026-09-06T23:52:08Z,powell_wb,744,618,755,0,7125,ok
2026-09-06T23:52:08Z,ctrl_west,1583,1493,1602,0,31189,ok
2026-09-06T23:52:08Z,ctrl_se,1165,998,1180,0,12385,ok
2026-09-07T00:52:09Z,i5sb_span,905,881,962,0,13967,ok
2026-09-07T00:52:09Z,vanc_pdx,814,770,867,0,13379,ok
2026-09-07T00:52:09Z,i5sb_detour,591,572,642,0,10425,ok
2026-09-07T00:52:09Z,interstate_sb,780,729,817,0,7573,ok
2026-09-07T00:52:09Z,williams_nb,854,810,878,0,8210,ok
2026-09-07T00:52:09Z,mlk_sb,688,674,745,0,14269,ok
2026-09-07T00:52:09Z,grand_nb,656,607,689,0,9773,ok
2026-09-07T00:52:09Z,i205_sb,554,540,567,0,11198,ok
2026-09-07T00:52:09Z,i84wb_feeder,695,610,740,0,10021,ok
2026-09-07T00:52:09Z,powell_wb,723,618,740,0,7125,ok
2026-09-07T00:52:09Z,ctrl_west,1572,1493,1588,0,31189,ok
2026-09-07T00:52:09Z,ctrl_se,1134,998,1157,0,12385,ok
2026-09-07T01:52:08Z,i5sb_span,898,881,939,0,13967,ok
2026-09-07T01:52:08Z,vanc_pdx,801,770,840,0,13379,ok
2026-09-07T01:52:08Z,i5sb_detour,588,572,623,0,10425,ok
2026-09-07T01:52:08Z,interstate_sb,763,729,788,0,7573,ok
2026-09-07T01:52:08Z,williams_nb,845,810,861,0,8210,ok
2026-09-07T01:52:08Z,mlk_sb,682,674,723,0,14269,ok
2026-09-07T01:52:08Z,grand_nb,636,607,662,0,9773,ok
2026-09-07T01:52:08Z,i205_sb,549,540,557,0,11198,ok
2026-09-07T01:52:08Z,i84wb_feeder,642,610,696,0,10021,ok
2026-09-07T01:52:08Z,powell_wb,702,618,714,0,7125,ok
2026-09-07T01:52:08Z,ctrl_west,1549,1493,1554,0,31189,ok
2026-09-07T01:52:08Z,ctrl_se,1104,998,1120,0,12385,ok
2026-09-07T05:57:27Z,i5sb_span,889,881,881,0,13967,ok
2026-09-07T05:57:27Z,vanc_pdx,777,770,770,0,13379,ok
2026-09-07T05:57:27Z,i5sb_detour,576,572,572,0,10425,ok
2026-09-07T05:57:27Z,interstate_sb,742,729,734,0,7573,ok
2026-09-07T05:57:27Z,williams_nb,819,810,810,0,8210,ok
2026-09-07T05:57:27Z,mlk_sb,680,674,674,0,14269,ok
2026-09-07T05:57:27Z,grand_nb,613,607,607,0,9773,ok
2026-09-07T05:57:27Z,i205_sb,543,540,540,0,11198,ok
2026-09-07T05:57:27Z,i84wb_feeder,614,610,610,0,10021,ok
2026-09-07T05:57:27Z,powell_wb,629,618,618,0,7125,ok
2026-09-07T05:57:27Z,ctrl_west,1509,1493,1493,0,31189,ok
2026-09-07T05:57:27Z,ctrl_se,1016,998,998,0,12385,ok
2026-09-07T12:18:32Z,i5sb_span,868,881,895,0,13967,ok
2026-09-07T12:18:32Z,vanc_pdx,763,770,786,0,13379,ok
2026-09-07T12:18:32Z,i5sb_detour,567,572,582,0,10425,ok
2026-09-07T12:18:32Z,interstate_sb,719,729,739,0,7573,ok
2026-09-07T12:18:32Z,williams_nb,801,810,824,0,8210,ok
2026-09-07T12:18:32Z,mlk_sb,664,674,687,0,14269,ok
2026-09-07T12:18:32Z,grand_nb,600,607,618,0,9773,ok
2026-09-07T12:18:32Z,i205_sb,536,540,547,0,11198,ok
2026-09-07T12:18:32Z,i84wb_feeder,603,610,624,0,10021,ok
2026-09-07T12:18:32Z,powell_wb,607,618,630,0,7125,ok
2026-09-07T12:18:32Z,ctrl_west,1480,1493,1522,0,31189,ok
2026-09-07T12:18:32Z,ctrl_se,979,998,1017,0,12385,ok
2026-09-07T13:14:45Z,i5sb_span,882,881,933,0,13967,ok
2026-09-07T13:14:45Z,vanc_pdx,775,770,842,0,13379,ok
2026-09-07T13:14:45Z,i5sb_detour,572,572,599,0,10425,ok
2026-09-07T13:14:45Z,interstate_sb,732,729,761,0,7573,ok
2026-09-07T13:14:45Z,williams_nb,820,810,838,0,8210,ok
2026-09-07T13:14:45Z,mlk_sb,673,674,722,0,14269,ok
2026-09-07T13:14:45Z,grand_nb,613,607,629,0,9773,ok
2026-09-07T13:14:45Z,i205_sb,538,540,548,0,11198,ok
2026-09-07T13:14:45Z,i84wb_feeder,617,610,673,0,10021,ok
2026-09-07T13:14:45Z,powell_wb,639,618,655,0,7125,ok
2026-09-07T13:14:45Z,ctrl_west,1524,1493,1561,0,31189,ok
2026-09-07T13:14:45Z,ctrl_se,1029,998,1058,0,12385,ok
2026-09-07T14:52:10Z,i5sb_span,989,881,1389,0,13967,ok
2026-09-07T14:52:10Z,vanc_pdx,800,770,1368,0,13379,ok
2026-09-07T14:52:10Z,i5sb_detour,589,572,800,0,10425,ok
2026-09-07T14:52:10Z,interstate_sb,749,722,945,0,7455,ok
2026-09-07T14:52:10Z,williams_nb,834,810,894,0,8210,ok
2026-09-07T14:52:10Z,mlk_sb,691,674,1158,0,14269,ok
2026-09-07T14:52:10Z,grand_nb,638,607,711,0,9773,ok
2026-09-07T14:52:10Z,i205_sb,538,540,575,0,11278,ok
2026-09-07T14:52:10Z,i84wb_feeder,670,610,1064,0,10021,ok
2026-09-07T14:52:10Z,powell_wb,817,618,872,0,7125,ok
2026-09-07T14:52:10Z,ctrl_west,1679,1493,1787,0,31189,ok
2026-09-07T14:52:10Z,ctrl_se,1123,998,1219,0,12385,ok
2026-09-07T15:52:09Z,i5sb_span,911,881,1222,0,13967,ok
2026-09-07T15:52:09Z,vanc_pdx,785,770,1141,0,13379,ok
2026-09-07T15:52:09Z,i5sb_detour,593,572,778,0,10425,ok
2026-09-07T15:52:09Z,interstate_sb,755,729,926,0,7573,ok
2026-09-07T15:52:09Z,williams_nb,833,810,874,0,8210,ok
2026-09-07T15:52:09Z,mlk_sb,687,674,1017,0,14269,ok
2026-09-07T15:52:09Z,grand_nb,632,607,703,0,9773,ok
2026-09-07T15:52:09Z,i205_sb,541,540,569,0,11198,ok
2026-09-07T15:52:09Z,i84wb_feeder,635,610,929,0,10021,ok
2026-09-07T15:52:09Z,powell_wb,713,618,828,0,7125,ok
2026-09-07T15:52:09Z,ctrl_west,1579,1493,1716,0,31189,ok
2026-09-07T15:52:09Z,ctrl_se,1078,998,1187,0,12385,ok
2026-09-07T16:52:10Z,i5sb_span,898,881,1053,0,13967,ok
2026-09-07T16:52:10Z,vanc_pdx,789,770,935,0,13379,ok
2026-09-07T16:52:10Z,i5sb_detour,592,572,712,0,10425,ok
2026-09-07T16:52:10Z,interstate_sb,753,729,854,0,7573,ok
2026-09-07T16:52:10Z,williams_nb,830,810,863,0,8210,ok
2026-09-07T16:52:10Z,mlk_sb,686,674,846,0,14269,ok
2026-09-07T16:52:10Z,grand_nb,637,607,693,0,9773,ok
2026-09-07T16:52:10Z,i205_sb,545,540,566,0,11198,ok
2026-09-07T16:52:10Z,i84wb_feeder,635,610,785,0,10021,ok
2026-09-07T16:52:10Z,powell_wb,700,618,771,0,7125,ok
2026-09-07T16:52:10Z,ctrl_west,1565,1493,1647,0,31189,ok
2026-09-07T16:52:10Z,ctrl_se,1084,998,1166,0,12385,ok
2026-09-07T17:46:08Z,i5sb_span,907,881,1038,0,13967,ok
2026-09-07T17:46:08Z,vanc_pdx,803,770,903,0,13379,ok
2026-09-07T17:46:08Z,i5sb_detour,605,572,715,0,10425,ok
2026-09-07T17:46:08Z,interstate_sb,769,729,853,0,7573,ok
2026-09-07T17:46:08Z,williams_nb,839,810,867,0,8210,ok
2026-09-07T17:46:08Z,mlk_sb,696,674,828,0,14269,ok
2026-09-07T17:46:08Z,grand_nb,650,607,703,0,9773,ok
2026-09-07T17:46:08Z,i205_sb,547,540,571,0,11198,ok
2026-09-07T17:46:08Z,i84wb_feeder,653,610,761,0,10021,ok
2026-09-07T17:46:08Z,powell_wb,725,618,772,0,7125,ok
2026-09-07T17:46:08Z,ctrl_west,1590,1493,1645,0,31189,ok
2026-09-07T17:46:08Z,ctrl_se,1118,998,1176,0,12385,ok
2026-09-07T18:52:10Z,i5sb_span,924,881,1059,0,13967,ok
2026-09-07T18:52:10Z,vanc_pdx,844,770,904,0,13379,ok
2026-09-07T18:52:10Z,i5sb_detour,620,572,743,0,10425,ok
2026-09-07T18:52:10Z,interstate_sb,784,729,869,0,7573,ok
2026-09-07T18:52:10Z,williams_nb,853,810,875,0,8210,ok
2026-09-07T18:52:10Z,mlk_sb,711,674,846,0,14269,ok
2026-09-07T18:52:10Z,grand_nb,692,607,723,0,9773,ok
2026-09-07T18:52:10Z,i205_sb,554,540,583,0,11198,ok
2026-09-07T18:52:10Z,i84wb_feeder,668,610,766,0,10021,ok
2026-09-07T18:52:10Z,powell_wb,756,618,783,0,7125,ok
2026-09-07T18:52:10Z,ctrl_west,1607,1493,1648,0,31189,ok
2026-09-07T18:52:10Z,ctrl_se,1156,998,1192,0,12385,ok
2026-09-07T19:52:11Z,i5sb_span,1037,881,1070,99,13967,ok
2026-09-07T19:52:11Z,vanc_pdx,827,770,903,0,13379,ok
2026-09-07T19:52:11Z,i5sb_detour,642,570,710,0,9303,ok
2026-09-07T19:52:11Z,interstate_sb,830,729,873,31,7573,ok
2026-09-07T19:52:11Z,williams_nb,852,810,877,0,8210,ok
2026-09-07T19:52:11Z,mlk_sb,821,674,854,99,14269,ok
2026-09-07T19:52:11Z,grand_nb,679,607,736,0,9773,ok
2026-09-07T19:52:11Z,i205_sb,563,540,592,0,11198,ok
2026-09-07T19:52:11Z,i84wb_feeder,759,610,761,96,10021,ok
2026-09-07T19:52:11Z,powell_wb,757,618,779,0,7125,ok
2026-09-07T19:52:11Z,ctrl_west,1625,1493,1646,0,31189,ok
2026-09-07T19:52:11Z,ctrl_se,1269,1103,1293,0,13207,ok
2026-09-07T20:52:10Z,i5sb_span,950,881,1101,0,13967,ok
2026-09-07T20:52:10Z,vanc_pdx,827,770,920,0,13379,ok
2026-09-07T20:52:10Z,i5sb_detour,637,572,773,0,10425,ok
2026-09-07T20:52:10Z,interstate_sb,782,729,884,0,7573,ok
2026-09-07T20:52:10Z,williams_nb,856,810,898,0,8210,ok
2026-09-07T20:52:10Z,mlk_sb,733,674,881,0,14269,ok
2026-09-07T20:52:10Z,grand_nb,665,620,742,0,10863,ok
2026-09-07T20:52:10Z,i205_sb,601,540,611,0,11198,ok
2026-09-07T20:52:10Z,i84wb_feeder,733,610,776,0,10021,ok
2026-09-07T20:52:10Z,powell_wb,767,618,790,0,7125,ok
2026-09-07T20:52:10Z,ctrl_west,1626,1493,1665,0,31189,ok
2026-09-07T20:52:10Z,ctrl_se,1182,998,1214,0,12385,ok
2026-09-07T21:26:57Z,i5sb_span,966,881,1142,0,13967,ok
2026-09-07T21:26:57Z,vanc_pdx,838,770,944,0,13379,ok
2026-09-07T21:26:57Z,i5sb_detour,629,572,801,0,10425,ok
2026-09-07T21:26:57Z,interstate_sb,798,729,902,0,7573,ok
2026-09-07T21:26:57Z,williams_nb,857,810,937,0,8210,ok
2026-09-07T21:26:57Z,mlk_sb,743,674,919,0,14269,ok
2026-09-07T21:26:57Z,grand_nb,678,620,795,0,10863,ok
2026-09-07T21:26:57Z,i205_sb,792,718,859,0,12572,ok
2026-09-07T21:26:57Z,i84wb_feeder,831,610,791,155,10021,ok
2026-09-07T21:26:57Z,powell_wb,776,618,801,0,7125,ok
2026-09-07T21:26:57Z,ctrl_west,1640,1493,1689,0,31189,ok
2026-09-07T21:26:57Z,ctrl_se,1212,998,1244,0,12385,ok
2026-09-07T22:52:08Z,i5sb_span,971,881,1265,0,13967,ok
2026-09-07T22:52:08Z,vanc_pdx,967,770,1061,146,13379,ok
2026-09-07T22:52:08Z,i5sb_detour,607,572,909,0,10425,ok
2026-09-07T22:52:08Z,interstate_sb,776,729,960,0,7573,ok
2026-09-07T22:52:08Z,williams_nb,866,810,1154,0,8210,ok
2026-09-07T22:52:08Z,mlk_sb,753,674,1047,0,14269,ok
2026-09-07T22:52:08Z,grand_nb,725,620,1131,0,10863,ok
2026-09-07T22:52:08Z,i205_sb,588,540,831,0,11198,ok
2026-09-07T22:52:08Z,i84wb_feeder,673,610,844,0,10021,ok
2026-09-07T22:52:08Z,powell_wb,775,618,830,0,7125,ok
2026-09-07T22:52:08Z,ctrl_west,1720,1493,1809,0,31189,ok
2026-09-07T22:52:08Z,ctrl_se,1229,998,1332,0,12385,ok
2026-09-07T23:44:22Z,i5sb_span,964,881,1270,0,13967,ok
2026-09-07T23:44:22Z,vanc_pdx,813,770,1136,0,13379,ok
2026-09-07T23:44:22Z,i5sb_detour,600,572,930,0,10425,ok
2026-09-07T23:44:22Z,interstate_sb,770,729,960,0,7573,ok
2026-09-07T23:44:22Z,williams_nb,852,810,1200,0,8210,ok
2026-09-07T23:44:22Z,mlk_sb,755,674,1070,0,14269,ok
2026-09-07T23:44:22Z,grand_nb,723,620,1227,0,10863,ok
2026-09-07T23:44:22Z,i205_sb,579,540,886,0,11198,ok
2026-09-07T23:44:22Z,i84wb_feeder,1128,917,1263,0,7890,ok
2026-09-07T23:44:22Z,powell_wb,757,618,839,0,7125,ok
2026-09-07T23:44:22Z,ctrl_west,1755,1493,1886,0,31189,ok
2026-09-07T23:44:22Z,ctrl_se,1207,998,1349,0,12385,ok
2026-09-08T00:52:07Z,i5sb_span,931,881,1133,0,13967,ok
2026-09-08T00:52:07Z,vanc_pdx,798,770,1035,0,13379,ok
2026-09-08T00:52:07Z,i5sb_detour,595,572,808,0,10425,ok
2026-09-08T00:52:07Z,interstate_sb,763,729,899,0,7573,ok
2026-09-08T00:52:07Z,williams_nb,837,810,1034,0,8210,ok
2026-09-08T00:52:07Z,mlk_sb,723,674,933,0,14269,ok
2026-09-08T00:52:07Z,grand_nb,689,607,939,0,9773,ok
2026-09-08T00:52:07Z,i205_sb,564,540,726,0,11198,ok
2026-09-08T00:52:07Z,i84wb_feeder,657,610,820,0,10021,ok
2026-09-08T00:52:07Z,powell_wb,726,618,804,0,7125,ok
2026-09-08T00:52:07Z,ctrl_west,1667,1493,1785,0,31189,ok
2026-09-08T00:52:07Z,ctrl_se,1147,998,1275,0,12385,ok
2026-09-08T01:52:07Z,i5sb_span,898,881,1004,0,13967,ok
2026-09-08T01:52:07Z,vanc_pdx,789,770,893,0,13379,ok
2026-09-08T01:52:07Z,i5sb_detour,591,572,688,0,10425,ok
2026-09-08T01:52:07Z,interstate_sb,756,729,835,0,7573,ok
2026-09-08T01:52:07Z,williams_nb,830,810,898,0,8210,ok
2026-09-08T01:52:07Z,mlk_sb,689,674,795,0,14269,ok
2026-09-08T01:52:07Z,grand_nb,644,607,733,0,9773,ok
2026-09-08T01:52:07Z,i205_sb,546,540,598,0,11198,ok
2026-09-08T01:52:07Z,i84wb_feeder,644,610,735,0,10021,ok
2026-09-08T01:52:07Z,powell_wb,698,618,746,0,7125,ok
2026-09-08T01:52:07Z,ctrl_west,1561,1493,1626,0,31189,ok
2026-09-08T01:52:07Z,ctrl_se,1094,998,1170,0,12385,ok
2026-09-08T02:52:10Z,i5sb_span,890,881,946,0,13967,ok
2026-09-08T02:52:10Z,vanc_pdx,784,770,832,0,13379,ok
2026-09-08T02:52:10Z,i5sb_detour,586,572,634,0,10425,ok
2026-09-08T02:52:10Z,interstate_sb,757,729,797,0,7573,ok
2026-09-08T02:52:10Z,williams_nb,829,810,855,0,8210,ok
2026-09-08T02:52:10Z,mlk_sb,680,674,735,0,14269,ok
2026-09-08T02:52:10Z,grand_nb,628,607,659,0,9773,ok
2026-09-08T02:52:10Z,i205_sb,544,540,563,0,11198,ok
2026-09-08T02:52:10Z,i84wb_feeder,625,610,676,0,10021,ok
2026-09-08T02:52:10Z,powell_wb,676,618,698,0,7125,ok
2026-09-08T02:52:10Z,ctrl_west,1535,1493,1566,0,31189,ok
2026-09-08T02:52:10Z,ctrl_se,1064,998,1097,0,12385,ok
2026-09-08T03:52:10Z,i5sb_span,894,881,918,0,13967,ok
2026-09-08T03:52:10Z,vanc_pdx,785,770,806,0,13379,ok
2026-09-08T03:52:10Z,i5sb_detour,585,572,608,0,10425,ok
2026-09-08T03:52:10Z,interstate_sb,753,729,769,0,7573,ok
2026-09-08T03:52:10Z,williams_nb,832,810,839,0,8210,ok
2026-09-08T03:52:10Z,mlk_sb,682,674,708,0,14269,ok
2026-09-08T03:52:10Z,grand_nb,623,607,637,0,9773,ok
2026-09-08T03:52:10Z,i205_sb,545,540,556,0,11198,ok
2026-09-08T03:52:10Z,i84wb_feeder,631,610,647,0,10021,ok
2026-09-08T03:52:10Z,powell_wb,664,618,666,0,7125,ok
2026-09-08T03:52:10Z,ctrl_west,1533,1493,1539,0,31189,ok
2026-09-08T03:52:10Z,ctrl_se,1052,998,1054,0,12385,ok
2026-09-08T04:23:26Z,i5sb_span,897,881,901,0,13967,ok
2026-09-08T04:23:26Z,vanc_pdx,785,770,790,0,13379,ok
2026-09-08T04:23:26Z,i5sb_detour,583,572,592,0,10425,ok
2026-09-08T04:23:26Z,interstate_sb,750,729,750,0,7573,ok
2026-09-08T04:23:26Z,williams_nb,831,810,825,0,8210,ok
2026-09-08T04:23:26Z,mlk_sb,685,674,693,0,14269,ok
2026-09-08T04:23:26Z,grand_nb,622,607,623,0,9773,ok
2026-09-08T04:23:26Z,i205_sb,547,540,550,0,11198,ok
2026-09-08T04:23:26Z,i84wb_feeder,623,610,630,0,10021,ok
2026-09-08T04:23:26Z,powell_wb,654,618,642,0,7125,ok
2026-09-08T04:23:26Z,ctrl_west,1522,1493,1517,0,31189,ok
2026-09-08T04:23:26Z,ctrl_se,1043,998,1024,0,12385,ok
2026-09-08T08:57:04Z,i5sb_span,862,881,881,0,13967,ok
2026-09-08T08:57:04Z,vanc_pdx,759,770,770,0,13379,ok
2026-09-08T08:57:04Z,i5sb_detour,565,572,572,0,10425,ok
2026-09-08T08:57:04Z,interstate_sb,714,729,729,0,7573,ok
2026-09-08T08:57:04Z,williams_nb,791,810,810,0,8210,ok
2026-09-08T08:57:04Z,mlk_sb,660,674,674,0,14269,ok
2026-09-08T08:57:04Z,grand_nb,594,607,607,0,9773,ok
2026-09-08T08:57:04Z,i205_sb,534,540,540,0,11198,ok
2026-09-08T08:57:04Z,i84wb_feeder,598,610,610,0,10021,ok
2026-09-08T08:57:04Z,powell_wb,596,618,618,0,7125,ok
2026-09-08T08:57:04Z,ctrl_west,1449,1493,1493,0,31189,ok
2026-09-08T08:57:04Z,ctrl_se,960,998,998,0,12385,ok
2026-09-08T13:03:20Z,i5sb_span,890,881,944,0,13967,ok
2026-09-08T13:03:20Z,vanc_pdx,779,770,860,0,13379,ok
2026-09-08T13:03:20Z,i5sb_detour,576,572,601,0,10425,ok
2026-09-08T13:03:20Z,interstate_sb,742,729,764,0,7573,ok
2026-09-08T13:03:20Z,williams_nb,819,810,827,0,8210,ok
2026-09-08T13:03:20Z,mlk_sb,680,674,744,0,14269,ok
2026-09-08T13:03:20Z,grand_nb,618,607,628,0,9773,ok
2026-09-08T13:03:20Z,i205_sb,540,540,547,0,11198,ok
2026-09-08T13:03:20Z,i84wb_feeder,624,610,659,0,10021,ok
2026-09-08T13:03:20Z,powell_wb,649,618,654,0,7125,ok
2026-09-08T13:03:20Z,ctrl_west,1545,1493,1561,0,31189,ok
2026-09-08T13:03:20Z,ctrl_se,1042,998,1052,0,12385,ok
2026-09-08T14:52:50Z,i5sb_span,1783,1323,1787,108,14034,ok
2026-09-08T14:52:50Z,vanc_pdx,1672,1263,1713,14,14551,ok
2026-09-08T14:52:50Z,i5sb_detour,1059,572,945,378,10425,ok
2026-09-08T14:52:50Z,interstate_sb,1049,853,1066,0,6162,ok
2026-09-08T14:52:50Z,williams_nb,868,810,896,0,8210,ok
2026-09-08T14:52:50Z,mlk_sb,1233,944,1257,0,10023,ok
2026-09-08T14:52:50Z,grand_nb,710,607,748,0,9773,ok
2026-09-08T14:52:50Z,i205_sb,563,540,576,0,11198,ok
2026-09-08T14:52:50Z,i84wb_feeder,1124,917,1143,0,7890,ok
2026-09-08T14:52:50Z,powell_wb,1138,618,1021,302,7125,ok
2026-09-08T14:52:50Z,ctrl_west,1875,1557,1846,123,31782,ok
2026-09-08T14:52:50Z,ctrl_se,1294,998,1291,28,12385,ok
2026-09-08T15:52:13Z,i5sb_span,1671,1323,1680,0,14034,ok
2026-09-08T15:52:13Z,vanc_pdx,1797,1263,1597,240,14551,ok
2026-09-08T15:52:13Z,i5sb_detour,1119,572,870,465,10425,ok
2026-09-08T15:52:13Z,interstate_sb,1040,853,1040,0,6162,ok
2026-09-08T15:52:13Z,williams_nb,881,810,877,2,8210,ok
2026-09-08T15:52:13Z,mlk_sb,1216,944,1221,0,10023,ok
2026-09-08T15:52:13Z,grand_nb,761,607,728,58,9773,ok
2026-09-08T15:52:13Z,i205_sb,746,540,568,180,11198,ok
2026-09-08T15:52:13Z,i84wb_feeder,1136,917,1136,0,7890,ok
2026-09-08T15:52:13Z,powell_wb,1004,618,928,171,7125,ok
2026-09-08T15:52:13Z,ctrl_west,1890,1493,1762,182,31189,ok
2026-09-08T15:52:13Z,ctrl_se,1332,1103,1328,0,13207,ok
2026-09-08T16:52:15Z,i5sb_span,1356,881,1119,405,13967,ok
2026-09-08T16:52:15Z,vanc_pdx,1197,770,1017,340,13379,ok
2026-09-08T16:52:15Z,i5sb_detour,840,570,756,165,9303,ok
2026-09-08T16:52:15Z,interstate_sb,1014,853,997,0,6162,ok
2026-09-08T16:52:15Z,williams_nb,967,842,949,0,7126,ok
2026-09-08T16:52:15Z,mlk_sb,1184,944,1165,0,10023,ok
2026-09-08T16:52:15Z,grand_nb,879,702,860,0,7151,ok
2026-09-08T16:52:15Z,i205_sb,572,540,563,4,11198,ok
2026-09-08T16:52:15Z,i84wb_feeder,987,610,858,301,10021,ok
2026-09-08T16:52:15Z,powell_wb,818,618,809,0,7125,ok
2026-09-08T16:52:15Z,ctrl_west,1775,1493,1675,88,31189,ok
2026-09-08T16:52:15Z,ctrl_se,1197,998,1175,0,12385,ok
2026-09-08T17:27:48Z,i5sb_span,1237,881,1077,270,13967,ok
2026-09-08T17:27:48Z,vanc_pdx,1103,770,958,255,13379,ok
2026-09-08T17:27:48Z,i5sb_detour,803,570,733,139,9303,ok
2026-09-08T17:27:48Z,interstate_sb,995,853,996,0,6162,ok
2026-09-08T17:27:48Z,williams_nb,873,810,867,0,8210,ok
2026-09-08T17:27:48Z,mlk_sb,1038,674,870,289,14269,ok
2026-09-08T17:27:48Z,grand_nb,718,607,708,28,9773,ok
2026-09-08T17:27:48Z,i205_sb,728,540,565,172,11198,ok
2026-09-08T17:27:48Z,i84wb_feeder,1127,917,1132,0,7890,ok
2026-09-08T17:27:48Z,powell_wb,787,618,794,0,7125,ok
2026-09-08T17:27:48Z,ctrl_west,1646,1493,1666,0,31189,ok
2026-09-08T17:27:48Z,ctrl_se,1175,998,1175,0,12385,ok
2026-09-08T18:52:08Z,i5sb_span,1137,881,1076,168,13967,ok
2026-09-08T18:52:08Z,vanc_pdx,930,770,935,80,13379,ok
2026-09-08T18:52:08Z,i5sb_detour,754,570,743,80,9303,ok
2026-09-08T18:52:08Z,interstate_sb,925,729,877,112,7573,ok
2026-09-08T18:52:08Z,williams_nb,875,810,880,0,8210,ok
2026-09-08T18:52:08Z,mlk_sb,916,674,863,168,14269,ok
2026-09-08T18:52:08Z,grand_nb,728,607,741,0,9773,ok
2026-09-08T18:52:08Z,i205_sb,793,718,803,0,12572,ok
2026-09-08T18:52:08Z,i84wb_feeder,927,610,815,230,10021,ok
2026-09-08T18:52:08Z,powell_wb,792,618,797,0,7125,ok
2026-09-08T18:52:08Z,ctrl_west,1640,1493,1668,0,31189,ok
2026-09-08T18:52:08Z,ctrl_se,1193,998,1195,0,12385,ok
2026-09-08T19:52:08Z,i5sb_span,1146,881,1070,173,13967,ok
2026-09-08T19:52:08Z,vanc_pdx,1046,770,928,189,13379,ok
2026-09-08T19:52:08Z,i5sb_detour,801,572,752,135,10425,ok
2026-09-08T19:52:08Z,interstate_sb,916,729,870,111,7573,ok
2026-09-08T19:52:08Z,williams_nb,877,810,885,0,8210,ok
2026-09-08T19:52:08Z,mlk_sb,931,674,858,179,14269,ok
2026-09-08T19:52:08Z,grand_nb,732,607,750,0,9773,ok
2026-09-08T19:52:08Z,i205_sb,629,540,584,73,11198,ok
2026-09-08T19:52:08Z,i84wb_feeder,1118,610,801,434,10021,ok
2026-09-08T19:52:08Z,powell_wb,782,618,787,0,7125,ok
2026-09-08T19:52:08Z,ctrl_west,1654,1493,1668,0,31189,ok
2026-09-08T19:52:08Z,ctrl_se,1385,1079,1387,0,12916,ok
2026-09-08T20:13:35Z,i5sb_span,1136,881,1077,160,13967,ok
2026-09-08T20:13:35Z,vanc_pdx,1027,770,932,172,13379,ok
2026-09-08T20:13:35Z,i5sb_detour,825,572,757,163,10425,ok
2026-09-08T20:13:35Z,interstate_sb,916,722,855,127,7455,ok
2026-09-08T20:13:35Z,williams_nb,900,810,890,0,8210,ok
2026-09-08T20:13:35Z,mlk_sb,915,674,866,160,14269,ok
2026-09-08T20:13:35Z,grand_nb,749,607,759,0,9773,ok
2026-09-08T20:13:35Z,i205_sb,566,540,588,0,11198,ok
2026-09-08T20:13:35Z,i84wb_feeder,800,610,806,98,10021,ok
2026-09-08T20:13:35Z,powell_wb,797,618,788,0,7125,ok
2026-09-08T20:13:35Z,ctrl_west,1667,1493,1672,0,31189,ok
2026-09-08T20:13:35Z,ctrl_se,1216,998,1200,0,12385,ok
2026-09-08T21:52:09Z,i5sb_span,1780,1323,1777,0,14034,ok
2026-09-08T21:52:09Z,vanc_pdx,1516,1011,1240,294,13482,ok
2026-09-08T21:52:09Z,i5sb_detour,1285,1065,1272,0,9424,ok
2026-09-08T21:52:09Z,interstate_sb,1040,853,1034,0,6162,ok
2026-09-08T21:52:09Z,williams_nb,1078,843,1076,0,6185,ok
2026-09-08T21:52:09Z,mlk_sb,1290,944,1286,0,10023,ok
2026-09-08T21:52:09Z,grand_nb,1028,702,1024,0,7151,ok
2026-09-08T21:52:09Z,i205_sb,1030,540,704,461,11198,ok
2026-09-08T21:52:09Z,i84wb_feeder,1023,610,871,313,10021,ok
2026-09-08T21:52:09Z,powell_wb,822,618,820,0,7125,ok
2026-09-08T21:52:09Z,ctrl_west,1808,1493,1775,35,31189,ok
2026-09-08T21:52:09Z,ctrl_se,1390,1103,1382,0,13207,ok
2026-09-08T22:44:47Z,i5sb_span,1597,881,1384,464,13967,ok
2026-09-08T22:44:47Z,vanc_pdx,1377,836,1209,356,13302,ok
2026-09-08T22:44:47Z,i5sb_detour,1232,662,1009,473,8309,ok
2026-09-08T22:44:47Z,interstate_sb,1068,853,1052,0,6162,ok
2026-09-08T22:44:47Z,williams_nb,1162,843,1153,0,6185,ok
2026-09-08T22:44:47Z,mlk_sb,1364,944,1347,0,10023,ok
2026-09-08T22:44:47Z,grand_nb,1156,702,1150,0,7151,ok
2026-09-08T22:44:47Z,i205_sb,1104,540,899,479,11198,ok
2026-09-08T22:44:47Z,i84wb_feeder,1310,917,1298,0,7890,ok
2026-09-08T22:44:47Z,powell_wb,910,618,844,59,7125,ok
2026-09-08T22:44:47Z,ctrl_west,2102,1683,2079,0,29568,ok
2026-09-08T22:44:47Z,ctrl_se,1392,1129,1371,0,13398,ok
2026-09-08T23:52:07Z,i5sb_span,1670,881,1523,485,13967,ok
2026-09-08T23:52:07Z,vanc_pdx,1338,1011,1348,30,13482,ok
2026-09-08T23:52:07Z,i5sb_detour,1298,920,1257,30,8411,ok
2026-09-08T23:52:07Z,interstate_sb,999,785,966,30,6507,ok
2026-09-08T23:52:07Z,williams_nb,1259,1033,1233,0,6650,ok
2026-09-08T23:52:07Z,mlk_sb,1398,944,1374,0,10023,ok
2026-09-08T23:52:07Z,grand_nb,1332,702,1239,187,7151,ok
2026-09-08T23:52:07Z,i205_sb,1323,540,1021,674,11198,ok
2026-09-08T23:52:07Z,i84wb_feeder,1029,610,1027,187,10021,ok
2026-09-08T23:52:07Z,powell_wb,884,618,870,0,7125,ok
2026-09-08T23:52:07Z,ctrl_west,2098,1526,2057,215,32641,ok
2026-09-08T23:52:07Z,ctrl_se,1430,1129,1398,0,13398,ok
2026-09-09T00:52:09Z,i5sb_span,1434,907,1370,325,13843,ok
2026-09-09T00:52:09Z,vanc_pdx,1130,770,1171,263,13379,ok
2026-09-09T00:52:09Z,i5sb_detour,1029,662,1039,263,8309,ok
2026-09-09T00:52:09Z,interstate_sb,950,793,959,0,6625,ok
2026-09-09T00:52:09Z,williams_nb,1097,843,1092,0,6185,ok
2026-09-09T00:52:09Z,mlk_sb,1161,674,1138,284,14269,ok
2026-09-09T00:52:09Z,grand_nb,1089,702,1096,0,7151,ok
2026-09-09T00:52:09Z,i205_sb,827,540,809,223,11198,ok
2026-09-09T00:52:09Z,i84wb_feeder,1237,917,1233,0,7890,ok
2026-09-09T00:52:09Z,powell_wb,846,618,844,0,7125,ok
2026-09-09T00:52:09Z,ctrl_west,2016,1493,1913,248,31189,ok
2026-09-09T00:52:09Z,ctrl_se,1398,1103,1388,0,13207,ok
2026-09-09T01:11:36Z,i5sb_span,1103,881,1211,57,13967,ok
2026-09-09T01:11:36Z,vanc_pdx,840,770,1084,0,13379,ok
2026-09-09T01:11:36Z,i5sb_detour,662,570,926,0,9303,ok
2026-09-09T01:11:36Z,interstate_sb,920,793,944,0,6625,ok
2026-09-09T01:11:36Z,williams_nb,1044,843,1049,0,6185,ok
2026-09-09T01:11:36Z,mlk_sb,905,674,1032,57,14269,ok
2026-09-09T01:11:36Z,grand_nb,1012,702,1023,0,7151,ok
2026-09-09T01:11:36Z,i205_sb,726,540,729,151,11198,ok
2026-09-09T01:11:36Z,i84wb_feeder,1143,739,1008,275,9569,ok
2026-09-09T01:11:36Z,powell_wb,813,618,821,0,7125,ok
2026-09-09T01:11:36Z,ctrl_west,1910,1493,1821,194,31189,ok
2026-09-09T01:11:36Z,ctrl_se,1255,998,1266,0,12385,ok
2026-09-09T02:52:12Z,i5sb_span,908,881,958,0,13967,ok
2026-09-09T02:52:12Z,vanc_pdx,804,770,846,0,13379,ok
2026-09-09T02:52:12Z,i5sb_detour,597,572,652,0,10425,ok
2026-09-09T02:52:12Z,interstate_sb,766,729,799,0,7573,ok
2026-09-09T02:52:12Z,williams_nb,849,810,865,0,8210,ok
2026-09-09T02:52:12Z,mlk_sb,697,674,752,0,14269,ok
2026-09-09T02:52:12Z,grand_nb,655,607,676,0,9773,ok
2026-09-09T02:52:12Z,i205_sb,547,540,566,0,11198,ok
2026-09-09T02:52:12Z,i84wb_feeder,649,610,713,0,10021,ok
2026-09-09T02:52:12Z,powell_wb,710,618,708,0,7125,ok
2026-09-09T02:52:12Z,ctrl_west,1574,1493,1588,0,31189,ok
2026-09-09T02:52:12Z,ctrl_se,1104,998,1098,0,12385,ok
2026-09-09T06:05:27Z,i5sb_span,997,881,881,104,13967,ok
2026-09-09T06:05:27Z,vanc_pdx,779,770,770,0,13379,ok
2026-09-09T06:05:27Z,i5sb_detour,576,570,570,0,9303,ok
2026-09-09T06:05:27Z,interstate_sb,738,729,729,0,7573,ok
2026-09-09T06:05:27Z,williams_nb,819,808,808,0,7481,ok
2026-09-09T06:05:27Z,mlk_sb,782,674,674,99,14269,ok
2026-09-09T06:05:27Z,grand_nb,613,607,607,0,9773,ok
2026-09-09T06:05:27Z,i205_sb,543,540,540,0,11198,ok
2026-09-09T06:05:27Z,i84wb_feeder,1002,691,691,306,10370,ok
2026-09-09T06:05:27Z,powell_wb,629,618,618,0,7125,ok
2026-09-09T06:05:27Z,ctrl_west,1501,1493,1493,0,31189,ok
2026-09-09T06:05:27Z,ctrl_se,1016,998,998,0,12385,ok
2026-09-09T11:14:33Z,i5sb_span,865,881,889,0,13967,ok
2026-09-09T11:14:33Z,vanc_pdx,764,771,780,0,13379,ok
2026-09-09T11:14:33Z,i5sb_detour,569,575,582,0,10425,ok
2026-09-09T11:14:33Z,interstate_sb,719,732,737,0,7573,ok
2026-09-09T11:14:33Z,williams_nb,798,812,819,0,8210,ok
2026-09-09T11:14:33Z,mlk_sb,849,867,876,0,14135,ok
2026-09-09T11:14:33Z,grand_nb,598,607,614,0,9773,ok
2026-09-09T11:14:33Z,i205_sb,535,540,545,0,11198,ok
2026-09-09T11:14:33Z,i84wb_feeder,600,609,617,0,10021,ok
2026-09-09T11:14:33Z,powell_wb,604,619,626,0,7125,ok
2026-09-09T11:14:33Z,ctrl_west,1477,1492,1509,0,31189,ok
2026-09-09T11:14:33Z,ctrl_se,966,993,1004,0,12385,ok
2026-09-09T12:52:09Z,i5sb_span,883,881,919,0,13967,ok
2026-09-09T12:52:09Z,vanc_pdx,777,771,820,0,13379,ok
2026-09-09T12:52:09Z,i5sb_detour,577,575,593,0,10425,ok
2026-09-09T12:52:09Z,interstate_sb,732,732,749,0,7573,ok
2026-09-09T12:52:09Z,williams_nb,806,812,824,0,8210,ok
2026-09-09T12:52:09Z,mlk_sb,674,673,711,0,14269,ok
2026-09-09T12:52:09Z,grand_nb,606,607,622,0,9773,ok
2026-09-09T12:52:09Z,i205_sb,537,540,547,0,11198,ok
2026-09-09T12:52:09Z,i84wb_feeder,646,609,638,0,10021,ok
2026-09-09T12:52:09Z,powell_wb,628,619,645,0,7125,ok
2026-09-09T12:52:09Z,ctrl_west,1513,1492,1548,0,31189,ok
2026-09-09T12:52:09Z,ctrl_se,1004,993,1033,0,12385,ok
2026-09-09T13:52:09Z,i5sb_span,1163,881,1131,162,13967,ok
2026-09-09T13:52:09Z,vanc_pdx,1259,771,1137,358,13379,ok
2026-09-09T13:52:09Z,i5sb_detour,704,575,671,83,10425,ok
2026-09-09T13:52:09Z,interstate_sb,930,852,928,0,6162,ok
2026-09-09T13:52:09Z,williams_nb,840,812,849,0,8210,ok
2026-09-09T13:52:09Z,mlk_sb,978,673,953,183,14269,ok
2026-09-09T13:52:09Z,grand_nb,648,607,659,0,9773,ok
2026-09-09T13:52:09Z,i205_sb,544,540,556,0,11198,ok
2026-09-09T13:52:09Z,i84wb_feeder,846,682,860,0,9475,ok
2026-09-09T13:52:09Z,powell_wb,762,619,759,0,7125,ok
2026-09-09T13:52:09Z,ctrl_west,1633,1492,1674,0,31189,ok
2026-09-09T13:52:09Z,ctrl_se,1133,993,1130,0,12385,ok
2026-09-09T14:52:09Z,i5sb_span,1762,1323,1756,80,14034,ok
2026-09-09T14:52:09Z,vanc_pdx,1730,1270,1684,31,14551,ok
2026-09-09T14:52:09Z,i5sb_detour,1008,575,924,311,10425,ok
2026-09-09T14:52:09Z,interstate_sb,1045,852,1045,0,6162,ok
2026-09-09T14:52:09Z,williams_nb,874,812,892,0,8210,ok
2026-09-09T14:52:09Z,mlk_sb,1244,945,1244,0,9743,ok
2026-09-09T14:52:09Z,grand_nb,705,621,733,25,10863,ok
2026-09-09T14:52:09Z,i205_sb,554,540,579,0,11198,ok
2026-09-09T14:52:09Z,i84wb_feeder,1154,918,1154,0,7890,ok
2026-09-09T14:52:09Z,powell_wb,1140,619,1010,287,7125,ok
2026-09-09T14:52:09Z,ctrl_west,1921,1525,1835,175,32641,ok
2026-09-09T14:52:09Z,ctrl_se,1343,1080,1347,0,12916,ok
2026-09-09T15:52:10Z,i5sb_span,1679,1323,1659,0,14034,ok
2026-09-09T15:52:10Z,vanc_pdx,1708,1270,1593,121,14551,ok
2026-09-09T15:52:10Z,i5sb_detour,1219,662,983,443,8309,ok
2026-09-09T15:52:10Z,interstate_sb,1048,852,1032,0,6162,ok
2026-09-09T15:52:10Z,williams_nb,873,812,876,0,8210,ok
2026-09-09T15:52:10Z,mlk_sb,1225,945,1207,0,9743,ok
2026-09-09T15:52:10Z,grand_nb,776,607,739,78,9773,ok
2026-09-09T15:52:10Z,i205_sb,557,540,571,1,11198,ok
2026-09-09T15:52:10Z,i84wb_feeder,1163,918,1145,0,7890,ok
2026-09-09T15:52:10Z,powell_wb,1171,619,924,351,7125,ok
2026-09-09T15:52:10Z,ctrl_west,2016,1690,1955,0,28318,ok
2026-09-09T15:52:10Z,ctrl_se,1236,993,1217,0,12385,ok
2026-09-09T16:52:09Z,i5sb_span,1510,987,1214,418,15874,ok
2026-09-09T16:52:09Z,vanc_pdx,1349,771,1024,477,13379,ok
2026-09-09T16:52:09Z,i5sb_detour,946,573,769,270,9303,ok
2026-09-09T16:52:09Z,interstate_sb,1023,852,989,0,6162,ok
2026-09-09T16:52:09Z,williams_nb,888,812,865,0,8210,ok
2026-09-09T16:52:09Z,mlk_sb,1207,945,1164,0,9743,ok
2026-09-09T16:52:09Z,grand_nb,731,607,719,0,9773,ok
2026-09-09T16:52:09Z,i205_sb,559,540,566,0,11198,ok
2026-09-09T16:52:09Z,i84wb_feeder,1075,609,861,383,10021,ok
2026-09-09T16:52:09Z,powell_wb,835,619,809,0,7125,ok
2026-09-09T16:52:09Z,ctrl_west,1767,1492,1679,77,31189,ok
2026-09-09T16:52:09Z,ctrl_se,1225,993,1181,0,12385,ok
2026-09-09T17:52:09Z,i5sb_span,1279,881,1097,306,13967,ok
2026-09-09T17:52:09Z,vanc_pdx,1168,771,967,312,13379,ok
2026-09-09T17:52:09Z,i5sb_detour,870,575,769,202,10425,ok
2026-09-09T17:52:09Z,interstate_sb,1003,852,995,0,6162,ok
2026-09-09T17:52:09Z,williams_nb,899,812,871,0,8210,ok
2026-09-09T17:52:09Z,mlk_sb,1090,673,885,337,14269,ok
2026-09-09T17:52:09Z,grand_nb,746,607,732,0,9773,ok
2026-09-09T17:52:09Z,i205_sb,555,540,571,0,11198,ok
2026-09-09T17:52:09Z,i84wb_feeder,914,609,826,227,10021,ok
2026-09-09T17:52:09Z,powell_wb,800,619,798,0,7125,ok
2026-09-09T17:52:09Z,ctrl_west,1648,1492,1671,0,31189,ok
2026-09-09T17:52:09Z,ctrl_se,1201,993,1191,0,12385,ok
2026-09-09T18:52:10Z,i5sb_span,1128,881,1115,131,13967,ok
2026-09-09T18:52:10Z,vanc_pdx,921,771,972,44,13379,ok
2026-09-09T18:52:10Z,i5sb_detour,736,573,774,44,9303,ok
2026-09-09T18:52:10Z,interstate_sb,884,722,883,78,7455,ok
2026-09-09T18:52:10Z,williams_nb,881,812,882,0,8210,ok
2026-09-09T18:52:10Z,mlk_sb,904,673,900,131,14269,ok
2026-09-09T18:52:10Z,grand_nb,764,607,755,44,9773,ok
2026-09-09T18:52:10Z,i205_sb,554,540,584,0,11198,ok
2026-09-09T18:52:10Z,i84wb_feeder,900,609,835,206,10021,ok
2026-09-09T18:52:10Z,powell_wb,790,619,803,0,7125,ok
2026-09-09T18:52:10Z,ctrl_west,1638,1492,1670,0,31189,ok
2026-09-09T18:52:10Z,ctrl_se,1192,993,1204,0,12385,ok
2026-09-09T19:52:08Z,i5sb_span,1112,881,1108,120,13967,ok
2026-09-09T19:52:08Z,vanc_pdx,914,771,965,23,13379,ok
2026-09-09T19:52:08Z,i5sb_detour,745,573,769,46,9303,ok
2026-09-09T19:52:08Z,interstate_sb,878,722,873,73,7455,ok
2026-09-09T19:52:08Z,williams_nb,920,808,930,0,7481,ok
2026-09-09T19:52:08Z,mlk_sb,892,673,895,120,14269,ok
2026-09-09T19:52:08Z,grand_nb,787,607,761,72,9773,ok
2026-09-09T19:52:08Z,i205_sb,563,540,595,0,11198,ok
2026-09-09T19:52:08Z,i84wb_feeder,961,609,821,277,10021,ok
2026-09-09T19:52:08Z,powell_wb,783,619,795,0,7125,ok
2026-09-09T19:52:08Z,ctrl_west,1648,1492,1669,0,31189,ok
2026-09-09T19:52:08Z,ctrl_se,1190,993,1200,0,12385,ok
2026-09-09T20:51:40Z,i5sb_span,1229,881,1153,246,13967,ok
2026-09-09T20:51:40Z,vanc_pdx,1015,771,996,129,13379,ok
2026-09-09T20:51:40Z,i5sb_detour,861,662,856,96,8309,ok
2026-09-09T20:51:40Z,interstate_sb,932,782,924,36,6507,ok
2026-09-09T20:51:40Z,williams_nb,1025,843,1027,0,6185,ok
2026-09-09T20:51:40Z,mlk_sb,1005,673,938,246,14269,ok
2026-09-09T20:51:40Z,grand_nb,866,621,817,131,10863,ok
2026-09-09T20:51:40Z,i205_sb,666,540,623,37,11198,ok
2026-09-09T20:51:40Z,i84wb_feeder,847,609,849,130,10021,ok
2026-09-09T20:51:40Z,powell_wb,806,619,809,0,7125,ok
2026-09-09T20:51:40Z,ctrl_west,1690,1492,1692,0,31189,ok
2026-09-09T20:51:40Z,ctrl_se,1226,993,1228,0,12385,ok
2026-09-09T21:53:36Z,i5sb_span,1440,881,1269,421,13967,ok
2026-09-09T21:53:36Z,vanc_pdx,1215,771,1085,312,13379,ok
2026-09-09T21:53:36Z,i5sb_detour,1063,575,914,421,10425,ok
2026-09-09T21:53:36Z,interstate_sb,921,782,947,0,6507,ok
2026-09-09T21:53:36Z,williams_nb,1074,946,1070,0,7570,ok
2026-09-09T21:53:36Z,mlk_sb,1274,737,1100,421,12713,ok
2026-09-09T21:53:36Z,grand_nb,1037,704,1046,0,7151,ok
2026-09-09T21:53:36Z,i205_sb,812,540,751,235,11198,ok
2026-09-09T21:53:36Z,i84wb_feeder,972,609,899,249,10021,ok
2026-09-09T21:53:36Z,powell_wb,828,619,833,0,7125,ok
2026-09-09T21:53:36Z,ctrl_west,1806,1492,1770,59,31189,ok
2026-09-09T21:53:36Z,ctrl_se,1325,993,1291,106,12385,ok
2026-09-09T22:52:10Z,i5sb_span,1680,881,1483,555,13967,ok
2026-09-09T22:52:10Z,vanc_pdx,1385,1015,1362,76,13482,ok
2026-09-09T22:52:10Z,i5sb_detour,1312,662,1102,525,8309,ok
2026-09-09T22:52:10Z,interstate_sb,1033,782,982,76,6507,ok
2026-09-09T22:52:10Z,williams_nb,1177,843,1173,0,6185,ok
2026-09-09T22:52:10Z,mlk_sb,1380,944,1371,0,10023,ok
2026-09-09T22:52:10Z,grand_nb,1230,704,1172,128,7151,ok
2026-09-09T22:52:10Z,i205_sb,896,540,1003,221,11198,ok
2026-09-09T22:52:10Z,i84wb_feeder,1161,736,1087,215,9569,ok
2026-09-09T22:52:10Z,powell_wb,869,619,865,0,7125,ok
2026-09-09T22:52:10Z,ctrl_west,2104,1680,2088,0,29568,ok
2026-09-09T22:52:10Z,ctrl_se,1513,1130,1373,154,13398,ok
2026-09-09T23:09:03Z,i5sb_span,1706,881,1543,535,13967,ok
2026-09-09T23:09:03Z,vanc_pdx,1424,1015,1381,104,13482,ok
2026-09-09T23:09:03Z,i5sb_detour,1354,662,1164,547,8309,ok
2026-09-09T23:09:03Z,interstate_sb,1095,852,1076,0,6162,ok
2026-09-09T23:09:03Z,williams_nb,1191,890,1180,0,7308,ok
2026-09-09T23:09:03Z,mlk_sb,1407,945,1391,13,9743,ok
2026-09-09T23:09:03Z,grand_nb,1200,704,1206,0,7151,ok
2026-09-09T23:09:03Z,i205_sb,901,540,1064,161,11198,ok
2026-09-09T23:09:03Z,i84wb_feeder,1183,736,1112,213,9569,ok
2026-09-09T23:09:03Z,powell_wb,880,619,873,0,7125,ok
2026-09-09T23:09:03Z,ctrl_west,2045,1525,1953,245,32641,ok
2026-09-09T23:09:03Z,ctrl_se,1410,1130,1384,0,13398,ok
2026-09-10T00:52:08Z,i5sb_span,1644,1235,1608,102,14265,ok
2026-09-10T00:52:08Z,vanc_pdx,1315,771,1227,445,13379,ok
2026-09-10T00:52:08Z,i5sb_detour,1214,662,1093,445,8309,ok
2026-09-10T00:52:08Z,interstate_sb,1065,791,996,102,6625,ok
2026-09-10T00:52:08Z,williams_nb,1130,890,1097,38,7308,ok
2026-09-10T00:52:08Z,mlk_sb,1285,944,1285,0,10023,ok
2026-09-10T00:52:08Z,grand_nb,1176,704,1107,134,7151,ok
2026-09-10T00:52:08Z,i205_sb,797,540,852,210,11198,ok
2026-09-10T00:52:08Z,i84wb_feeder,1083,609,1003,287,10021,ok
2026-09-10T00:52:08Z,powell_wb,860,619,861,0,7125,ok
2026-09-10T00:52:08Z,ctrl_west,1979,1492,1896,238,31189,ok
2026-09-10T00:52:08Z,ctrl_se,1359,1130,1348,0,13398,ok
2026-09-10T01:04:17Z,i5sb_span,1392,881,1292,369,13967,ok
2026-09-10T01:04:17Z,vanc_pdx,1109,771,1165,214,13379,ok
2026-09-10T01:04:17Z,i5sb_detour,1012,662,1033,214,8309,ok
2026-09-10T01:04:17Z,interstate_sb,1030,791,982,77,6625,ok
2026-09-10T01:04:17Z,williams_nb,1057,843,1066,0,6185,ok
2026-09-10T01:04:17Z,mlk_sb,1166,673,1080,363,14269,ok
2026-09-10T01:04:17Z,grand_nb,1121,607,1024,312,9773,ok
2026-09-10T01:04:17Z,i205_sb,589,540,794,0,11198,ok
2026-09-10T01:04:17Z,i84wb_feeder,959,609,966,185,10021,ok
2026-09-10T01:04:17Z,powell_wb,847,619,848,0,7125,ok
2026-09-10T01:04:17Z,ctrl_west,1913,1492,1845,189,31189,ok
2026-09-10T01:04:17Z,ctrl_se,1323,1130,1332,0,13398,ok
2026-09-10T02:52:08Z,i5sb_span,909,881,971,0,13967,ok
2026-09-10T02:52:08Z,vanc_pdx,799,771,860,0,13379,ok
2026-09-10T02:52:08Z,i5sb_detour,604,575,661,0,10425,ok
2026-09-10T02:52:08Z,interstate_sb,856,791,873,0,6625,ok
2026-09-10T02:52:08Z,williams_nb,862,808,877,0,7481,ok
2026-09-10T02:52:08Z,mlk_sb,697,673,762,0,14269,ok
2026-09-10T02:52:08Z,grand_nb,678,607,683,0,9773,ok
2026-09-10T02:52:08Z,i205_sb,546,540,570,0,11198,ok
2026-09-10T02:52:08Z,i84wb_feeder,1015,653,765,328,10205,ok
2026-09-10T02:52:08Z,powell_wb,710,619,718,0,7125,ok
2026-09-10T02:52:08Z,ctrl_west,1574,1492,1588,0,31189,ok
2026-09-10T02:52:08Z,ctrl_se,1102,993,1110,0,12385,ok
2026-09-10T03:52:09Z,i5sb_span,903,881,927,0,13967,ok
2026-09-10T03:52:09Z,vanc_pdx,796,771,820,0,13379,ok
2026-09-10T03:52:09Z,i5sb_detour,591,575,621,0,10425,ok
2026-09-10T03:52:09Z,interstate_sb,762,732,777,0,7573,ok
2026-09-10T03:52:09Z,williams_nb,851,812,851,0,8210,ok
2026-09-10T03:52:09Z,mlk_sb,690,673,719,0,14269,ok
2026-09-10T03:52:09Z,grand_nb,637,607,646,0,9773,ok
2026-09-10T03:52:09Z,i205_sb,547,540,558,0,11198,ok
2026-09-10T03:52:09Z,i84wb_feeder,636,609,664,0,10021,ok
2026-09-10T03:52:09Z,powell_wb,684,619,673,0,7125,ok
2026-09-10T03:52:09Z,ctrl_west,1548,1492,1547,0,31189,ok
2026-09-10T03:52:09Z,ctrl_se,1075,993,1056,0,12385,ok
2026-09-10T04:52:08Z,i5sb_span,924,911,911,0,14300,ok
2026-09-10T04:52:08Z,vanc_pdx,785,771,773,0,13379,ok
2026-09-10T04:52:08Z,i5sb_detour,583,575,578,0,10425,ok
2026-09-10T04:52:08Z,interstate_sb,749,732,733,0,7573,ok
2026-09-10T04:52:08Z,williams_nb,832,812,813,0,8210,ok
2026-09-10T04:52:08Z,mlk_sb,685,673,674,0,14269,ok
2026-09-10T04:52:08Z,grand_nb,622,607,609,0,9773,ok
2026-09-10T04:52:08Z,i205_sb,546,540,540,0,11198,ok
2026-09-10T04:52:08Z,i84wb_feeder,621,609,611,0,10021,ok
2026-09-10T04:52:08Z,powell_wb,643,619,621,0,7125,ok
2026-09-10T04:52:08Z,ctrl_west,1525,1492,1493,0,31189,ok
2026-09-10T04:52:08Z,ctrl_se,1031,993,994,0,12385,ok
2026-09-10T05:52:09Z,i5sb_span,1058,1042,1042,0,16321,ok
2026-09-10T05:52:09Z,vanc_pdx,784,771,771,0,13379,ok
2026-09-10T05:52:09Z,i5sb_detour,582,573,573,0,9303,ok
2026-09-10T05:52:09Z,interstate_sb,814,791,791,0,6625,ok
2026-09-10T05:52:09Z,williams_nb,830,808,808,0,7481,ok
2026-09-10T05:52:09Z,mlk_sb,922,673,673,236,14269,ok
2026-09-10T05:52:09Z,grand_nb,620,607,607,0,9773,ok
2026-09-10T05:52:09Z,i205_sb,546,540,540,0,11198,ok
2026-09-10T05:52:09Z,i84wb_feeder,1092,660,660,424,10082,ok
2026-09-10T05:52:09Z,powell_wb,642,619,619,0,7125,ok
2026-09-10T05:52:09Z,ctrl_west,1516,1492,1492,0,31189,ok
2026-09-10T05:52:09Z,ctrl_se,1030,993,993,0,12385,ok
